CREATE DATABASE  IF NOT EXISTS `language` /*!40100 DEFAULT CHARACTER SET utf8 */;
USE `language`;
-- MySQL dump 10.13  Distrib 5.5.47, for debian-linux-gnu (x86_64)
--
-- Host: 127.0.0.1    Database: language
-- ------------------------------------------------------
-- Server version	5.5.47-0ubuntu0.14.04.1

/*!40101 SET @OLD_CHARACTER_SET_CLIENT=@@CHARACTER_SET_CLIENT */;
/*!40101 SET @OLD_CHARACTER_SET_RESULTS=@@CHARACTER_SET_RESULTS */;
/*!40101 SET @OLD_COLLATION_CONNECTION=@@COLLATION_CONNECTION */;
/*!40101 SET NAMES utf8 */;
/*!40103 SET @OLD_TIME_ZONE=@@TIME_ZONE */;
/*!40103 SET TIME_ZONE='+00:00' */;
/*!40014 SET @OLD_UNIQUE_CHECKS=@@UNIQUE_CHECKS, UNIQUE_CHECKS=0 */;
/*!40014 SET @OLD_FOREIGN_KEY_CHECKS=@@FOREIGN_KEY_CHECKS, FOREIGN_KEY_CHECKS=0 */;
/*!40101 SET @OLD_SQL_MODE=@@SQL_MODE, SQL_MODE='NO_AUTO_VALUE_ON_ZERO' */;
/*!40111 SET @OLD_SQL_NOTES=@@SQL_NOTES, SQL_NOTES=0 */;

--
-- Table structure for table `language`
--

DROP TABLE IF EXISTS `language`;
/*!40101 SET @saved_cs_client     = @@character_set_client */;
/*!40101 SET character_set_client = utf8 */;
CREATE TABLE `language` (
  `id` bigint(20) NOT NULL AUTO_INCREMENT,
  `type` varchar(50) NOT NULL,
  PRIMARY KEY (`id`),
  UNIQUE KEY `type` (`type`)
) ENGINE=InnoDB AUTO_INCREMENT=8 DEFAULT CHARSET=utf8;
/*!40101 SET character_set_client = @saved_cs_client */;

--
-- Dumping data for table `language`
--

LOCK TABLES `language` WRITE;
/*!40000 ALTER TABLE `language` DISABLE KEYS */;
INSERT INTO `language` VALUES (3,'Deutsch'),(4,'English'),(6,'Français'),(5,'Italiano'),(7,'Unknown'),(2,'Руски'),(1,'Српски');
/*!40000 ALTER TABLE `language` ENABLE KEYS */;
UNLOCK TABLES;

--
-- Table structure for table `linktype`
--

DROP TABLE IF EXISTS `linktype`;
/*!40101 SET @saved_cs_client     = @@character_set_client */;
/*!40101 SET character_set_client = utf8 */;
CREATE TABLE `linktype` (
  `id` bigint(20) NOT NULL AUTO_INCREMENT,
  `name` varchar(70) DEFAULT NULL,
  PRIMARY KEY (`id`)
) ENGINE=InnoDB AUTO_INCREMENT=4 DEFAULT CHARSET=utf8;
/*!40101 SET character_set_client = @saved_cs_client */;

--
-- Dumping data for table `linktype`
--

LOCK TABLES `linktype` WRITE;
/*!40000 ALTER TABLE `linktype` DISABLE KEYS */;
INSERT INTO `linktype` VALUES (1,'synonym'),(2,'antonym'),(3,'derived');
/*!40000 ALTER TABLE `linktype` ENABLE KEYS */;
UNLOCK TABLES;

--
-- Table structure for table `log_word`
--

DROP TABLE IF EXISTS `log_word`;
/*!40101 SET @saved_cs_client     = @@character_set_client */;
/*!40101 SET character_set_client = utf8 */;
CREATE TABLE `log_word` (
  `id` bigint(20) NOT NULL AUTO_INCREMENT,
  `time_visit` datetime NOT NULL,
  `word_id` bigint(20) NOT NULL,
  `active` int(11) DEFAULT NULL,
  PRIMARY KEY (`id`),
  UNIQUE KEY `uq_time_word` (`word_id`,`time_visit`),
  CONSTRAINT `fk_log_word_word` FOREIGN KEY (`word_id`) REFERENCES `word` (`id`)
) ENGINE=InnoDB AUTO_INCREMENT=609 DEFAULT CHARSET=utf8;
/*!40101 SET character_set_client = @saved_cs_client */;

--
-- Dumping data for table `log_word`
--

LOCK TABLES `log_word` WRITE;
/*!40000 ALTER TABLE `log_word` DISABLE KEYS */;
INSERT INTO `log_word` VALUES (1,'2015-10-14 21:01:01',3,1),(2,'2015-10-14 21:01:01',4,1),(3,'2015-10-10 00:00:00',5,1),(4,'2015-12-16 11:44:04',6,1),(5,'2015-11-06 19:55:24',9,1),(6,'2015-11-06 20:14:06',10,1),(7,'2015-11-09 21:06:07',11,1),(8,'2015-11-10 06:04:17',12,1),(9,'2015-11-11 23:50:53',13,1),(10,'2015-11-12 15:52:55',14,1),(11,'2015-11-12 16:01:06',15,1),(12,'2015-11-12 16:05:46',16,1),(13,'2015-11-12 16:06:06',17,1),(14,'2015-11-12 16:06:18',18,1),(15,'2015-11-12 16:06:54',19,1),(16,'2015-11-12 16:12:57',20,1),(17,'2015-11-12 16:34:11',21,1),(18,'2015-11-12 16:38:31',22,1),(19,'2015-11-12 16:50:07',23,1),(20,'2015-11-12 17:09:39',24,1),(21,'2015-11-12 17:22:11',25,1),(22,'2015-11-12 17:43:04',26,1),(23,'2015-11-12 17:45:50',27,1),(24,'2015-11-12 23:29:24',28,1),(25,'2015-11-13 00:16:40',29,1),(26,'2015-11-13 00:57:35',31,1),(27,'2015-11-13 01:01:57',32,1),(28,'2015-11-13 01:05:51',33,1),(29,'2015-11-13 01:14:23',34,1),(30,'2015-11-13 01:18:21',35,1),(31,'2015-11-13 01:20:53',36,1),(32,'2015-11-13 01:35:17',37,1),(33,'2015-11-13 01:38:14',38,1),(34,'2015-11-13 14:37:09',39,1),(35,'2015-11-13 15:13:18',41,1),(36,'2015-11-13 15:44:01',42,1),(37,'2015-11-13 20:54:15',43,1),(38,'2015-11-14 14:48:41',44,1),(39,'2015-11-14 14:50:40',45,1),(40,'2015-11-14 15:19:10',47,1),(41,'2015-11-14 15:23:32',48,1),(42,'2015-11-14 15:28:32',49,1),(43,'2015-11-14 15:33:19',50,1),(44,'2015-11-14 15:43:59',51,1),(45,'2015-11-14 15:51:01',52,1),(46,'2015-11-14 15:55:35',53,1),(47,'2015-11-14 15:57:20',54,1),(48,'2015-11-14 16:18:09',55,1),(49,'2015-11-14 16:25:51',56,1),(50,'2015-11-14 16:27:35',57,1),(51,'2015-11-14 16:33:06',58,1),(52,'2015-11-14 16:56:00',59,1),(53,'2015-11-14 16:57:48',60,0),(54,'2015-11-14 17:05:13',61,1),(55,'2015-11-14 17:08:35',62,1),(56,'2015-11-14 17:13:25',63,1),(57,'2015-11-14 17:21:01',64,1),(58,'2015-11-14 17:26:24',65,1),(59,'2015-11-14 17:34:06',66,1),(60,'2015-11-14 17:37:42',67,1),(61,'2015-11-14 18:35:15',68,0),(62,'2015-11-14 18:56:40',69,1),(63,'2015-11-14 19:02:52',70,1),(64,'2015-11-14 19:06:07',71,1),(65,'2015-11-14 19:08:04',72,1),(66,'2015-11-14 19:19:00',73,1),(67,'2015-11-14 19:22:34',74,1),(68,'2015-11-14 22:23:07',75,1),(69,'2015-11-14 22:33:40',76,1),(70,'2015-11-14 22:37:15',78,1),(71,'2015-11-14 22:40:33',79,1),(72,'2015-11-14 22:42:58',80,0),(73,'2015-11-14 22:45:23',81,1),(74,'2015-11-14 22:50:15',82,1),(75,'2015-11-14 22:52:49',83,1),(76,'2015-11-14 22:59:35',85,1),(77,'2015-11-14 23:02:23',86,1),(78,'2015-11-18 12:40:35',87,1),(79,'2015-11-18 12:47:40',88,1),(80,'2015-11-18 12:50:03',89,1),(81,'2015-11-18 13:13:46',90,1),(82,'2015-11-18 13:25:41',91,1),(83,'2015-11-19 17:23:31',92,1),(84,'2015-11-19 17:27:15',93,1),(85,'2015-11-19 17:29:12',94,1),(86,'2015-11-19 17:32:04',95,1),(87,'2015-11-19 17:38:11',96,1),(88,'2015-11-19 17:40:57',97,1),(89,'2015-11-19 17:47:01',98,1),(90,'2015-11-19 17:49:30',99,1),(91,'2015-11-19 18:29:32',100,1),(92,'2015-11-19 18:36:09',101,1),(93,'2015-11-19 19:37:39',102,1),(94,'2015-11-20 21:16:00',103,1),(95,'2015-11-20 21:18:02',104,1),(96,'2015-11-20 21:28:33',105,1),(97,'2015-11-20 21:34:41',106,1),(98,'2015-11-20 21:35:34',107,1),(99,'2015-11-20 21:42:12',108,1),(100,'2015-11-20 22:44:44',109,1),(101,'2015-11-20 23:09:29',110,1),(102,'2015-11-20 23:14:43',111,1),(103,'2015-11-20 23:21:08',113,1),(104,'2015-11-21 12:55:39',115,1),(105,'2015-11-21 15:13:46',116,1),(106,'2015-11-21 15:17:28',117,1),(107,'2015-11-21 15:40:55',118,1),(108,'2015-11-21 15:42:52',119,1),(109,'2015-11-21 15:46:35',120,1),(110,'2015-11-21 15:50:06',121,1),(111,'2015-11-21 15:52:14',122,1),(112,'2015-11-21 15:53:36',123,1),(113,'2015-11-21 15:56:02',124,1),(114,'2015-11-21 16:06:32',126,1),(115,'2015-11-21 16:08:55',127,1),(116,'2015-11-21 16:12:59',128,1),(117,'2015-11-21 17:46:24',129,1),(118,'2015-11-21 17:50:04',130,1),(119,'2015-11-21 18:14:41',131,1),(120,'2015-11-21 18:15:39',132,1),(121,'2015-11-21 18:19:56',133,1),(122,'2015-11-21 18:23:59',134,1),(123,'2015-11-21 18:30:08',135,1),(124,'2015-11-21 18:30:53',136,1),(125,'2015-11-21 18:31:28',137,1),(126,'2015-11-21 18:36:02',138,1),(127,'2015-11-21 18:39:59',139,1),(128,'2015-11-21 20:03:27',140,1),(129,'2015-11-21 20:11:28',141,1),(130,'2015-11-21 21:31:38',142,1),(131,'2015-11-21 21:33:02',143,1),(132,'2015-11-21 21:34:50',144,1),(133,'2015-11-21 21:40:10',145,1),(134,'2015-11-21 21:41:10',146,1),(135,'2015-11-22 18:21:49',147,1),(136,'2015-11-22 18:28:36',148,1),(137,'2015-11-22 18:33:00',149,1),(138,'2015-11-22 18:39:11',150,1),(139,'2015-11-22 18:45:29',151,1),(140,'2015-11-22 18:56:23',152,1),(141,'2015-11-22 19:04:16',153,1),(142,'2015-11-22 19:05:04',154,1),(143,'2015-11-22 19:13:02',155,1),(144,'2015-11-22 19:15:13',156,1),(145,'2015-11-22 19:19:24',157,0),(146,'2015-11-22 19:27:34',158,1),(147,'2015-11-22 19:30:07',159,1),(148,'2015-11-24 18:01:56',160,1),(149,'2015-11-26 15:55:06',161,0),(150,'2015-11-26 15:59:29',162,1),(151,'2015-11-26 16:01:49',163,1),(152,'2015-11-26 16:06:58',164,1),(153,'2015-11-26 16:17:18',165,1),(154,'2015-11-26 16:21:17',166,1),(155,'2015-11-26 16:23:40',167,1),(156,'2015-11-26 16:26:54',168,1),(157,'2015-11-26 16:31:37',169,1),(158,'2015-11-26 16:32:34',170,1),(159,'2015-11-26 16:36:03',171,1),(160,'2015-11-26 16:39:21',172,1),(161,'2015-11-26 16:41:55',173,1),(162,'2015-11-26 16:44:35',174,1),(163,'2015-11-26 16:46:47',175,1),(164,'2015-11-26 16:48:00',176,1),(165,'2015-11-26 16:49:48',177,1),(166,'2015-11-26 16:51:48',178,1),(167,'2015-11-26 16:53:45',179,1),(168,'2015-11-26 16:55:26',180,1),(169,'2015-11-26 16:57:45',181,1),(170,'2015-11-26 17:00:36',182,1),(171,'2015-11-26 17:04:43',183,1),(172,'2015-11-26 17:08:12',184,1),(173,'2015-11-26 17:10:13',185,1),(174,'2015-11-26 17:13:01',186,1),(175,'2015-11-26 17:14:32',187,1),(176,'2015-11-26 17:16:14',188,1),(177,'2015-11-26 17:17:37',189,1),(178,'2015-11-26 17:18:45',190,1),(179,'2015-11-26 17:20:09',191,1),(180,'2015-11-26 17:23:42',192,1),(181,'2015-11-26 17:24:54',193,1),(182,'2015-11-26 17:26:45',194,1),(183,'2015-11-26 17:29:24',195,1),(184,'2015-11-26 17:30:36',196,1),(185,'2015-11-26 17:32:11',197,1),(186,'2015-11-26 17:35:06',198,1),(187,'2015-11-26 17:36:35',199,1),(188,'2015-11-26 17:38:16',200,1),(189,'2015-11-26 18:10:22',201,1),(190,'2015-11-26 21:46:03',202,1),(191,'2015-11-26 21:47:21',203,0),(192,'2015-11-26 21:47:38',204,1),(193,'2015-11-26 21:48:35',205,1),(194,'2015-11-26 21:50:12',206,1),(195,'2015-11-26 21:52:21',207,1),(196,'2015-11-26 21:55:13',208,1),(197,'2015-11-26 21:56:39',209,1),(198,'2015-11-26 21:58:36',210,1),(199,'2015-11-26 22:00:17',211,1),(200,'2015-11-26 22:02:23',212,1),(201,'2015-11-26 22:04:23',213,1),(202,'2015-11-26 22:05:22',214,1),(203,'2015-12-01 03:21:47',215,1),(204,'2015-12-01 03:23:13',216,1),(205,'2015-12-01 03:37:29',217,1),(206,'2015-12-02 16:19:10',218,1),(207,'2015-12-02 16:39:05',219,1),(208,'2015-12-02 22:36:08',220,1),(209,'2015-12-02 22:38:52',221,1),(210,'2015-12-02 22:44:04',222,0),(211,'2015-12-02 22:45:38',223,1),(212,'2015-12-03 12:07:59',224,1),(213,'2015-12-03 12:11:14',225,1),(214,'2015-12-03 15:49:38',226,1),(215,'2015-12-03 03:54:21',227,1),(216,'2015-12-03 15:57:00',228,1),(217,'2015-12-03 16:00:57',229,1),(218,'2015-12-03 16:03:56',230,1),(219,'2015-12-03 16:14:42',232,1),(220,'2015-12-03 16:17:37',233,1),(221,'2015-12-03 16:18:53',234,1),(222,'2015-12-03 16:24:08',235,1),(223,'2015-12-03 16:25:16',236,1),(224,'2015-12-03 16:26:57',237,1),(225,'2015-12-03 16:29:38',238,1),(226,'2015-12-03 16:32:13',239,1),(227,'2015-12-03 16:33:59',240,1),(228,'2015-12-03 16:35:39',241,1),(229,'2015-12-03 16:36:57',242,1),(230,'2015-12-03 16:40:50',243,1),(231,'2015-12-03 16:42:57',244,1),(232,'2015-12-03 16:44:59',245,1),(233,'2015-12-03 16:46:18',246,1),(234,'2015-12-03 16:47:07',247,1),(235,'2015-12-03 16:50:09',248,1),(236,'2015-12-03 16:53:09',249,1),(237,'2015-12-03 17:04:20',250,1),(238,'2015-12-03 17:05:57',251,1),(239,'2015-12-03 17:06:50',252,1),(240,'2015-12-03 17:08:38',253,1),(241,'2015-12-03 17:10:40',254,1),(242,'2015-12-03 17:12:20',255,1),(243,'2015-12-03 17:13:46',256,1),(244,'2015-12-03 17:16:35',257,1),(245,'2015-12-03 17:17:52',258,1),(246,'2015-12-03 17:19:55',259,1),(247,'2015-12-03 17:20:53',260,1),(248,'2015-12-03 17:22:06',261,1),(249,'2015-12-03 17:22:55',262,1),(250,'2015-12-03 17:24:39',263,1),(251,'2015-12-03 17:25:59',264,1),(252,'2015-12-03 17:27:26',265,1),(253,'2015-12-03 17:29:20',266,1),(254,'2015-12-03 17:30:44',267,1),(255,'2015-12-03 17:31:03',268,1),(256,'2015-12-03 17:34:29',269,1),(257,'2015-12-03 17:34:46',270,1),(258,'2015-12-03 17:42:36',271,1),(259,'2015-12-03 18:09:13',272,1),(260,'2015-12-03 18:10:11',273,1),(261,'2015-12-03 18:11:29',274,1),(262,'2015-12-03 18:12:20',275,1),(263,'2015-12-03 18:16:16',276,1),(264,'2015-12-03 18:45:50',277,1),(265,'2015-12-04 09:48:41',278,1),(266,'2015-12-04 11:11:14',279,1),(267,'2015-12-04 12:22:25',280,1),(268,'2015-12-04 12:28:34',281,1),(269,'2015-12-04 15:36:17',282,1),(270,'2015-12-04 21:08:15',283,1),(271,'2015-12-06 20:04:12',284,1),(272,'2015-12-06 20:08:10',285,1),(273,'2015-12-06 20:10:12',286,1),(274,'2015-12-06 20:14:57',287,1),(275,'2015-12-07 14:58:06',288,1),(276,'2015-12-07 15:27:23',289,1),(277,'2015-12-07 15:36:13',290,1),(278,'2015-12-07 15:41:06',291,1),(279,'2015-12-07 16:22:24',292,1),(280,'2015-12-07 16:30:10',293,1),(281,'2015-12-07 16:38:16',294,1),(282,'2015-12-07 16:56:30',295,1),(283,'2015-12-07 17:03:25',296,1),(284,'2015-12-07 17:06:31',297,1),(285,'2015-12-07 17:10:36',298,1),(286,'2015-12-07 17:17:38',299,1),(287,'2015-12-07 17:20:02',300,1),(288,'2015-12-07 17:23:27',301,1),(289,'2015-12-07 17:31:39',302,1),(290,'2015-12-07 20:07:50',303,1),(291,'2015-12-07 20:12:13',304,1),(292,'2015-12-07 20:12:55',305,1),(293,'2015-12-07 20:13:24',306,1),(294,'2015-12-07 20:16:04',307,1),(295,'2015-12-07 20:23:25',308,1),(296,'2015-12-07 20:26:34',309,1),(297,'2015-12-07 22:14:29',310,1),(298,'2015-12-08 07:39:44',311,1),(299,'2015-12-08 07:41:09',312,1),(300,'2015-12-08 08:37:08',313,1),(301,'2015-12-08 10:46:30',314,1),(302,'2015-12-08 11:28:26',315,1),(303,'2015-12-08 11:31:12',316,1),(304,'2015-12-08 11:32:12',317,1),(305,'2015-12-08 11:34:54',318,1),(306,'2015-12-08 11:38:00',319,1),(307,'2015-12-08 14:03:13',320,1),(308,'2015-12-08 16:43:00',321,1),(309,'2015-12-08 19:18:15',322,1),(310,'2015-12-08 07:21:04',323,1),(311,'2015-12-08 20:34:04',324,1),(312,'2015-12-08 21:57:06',325,1),(313,'2015-12-08 22:47:00',326,1),(314,'2015-12-08 22:47:32',327,1),(315,'2015-12-08 22:49:17',328,1),(316,'2015-12-08 22:49:46',329,1),(317,'2015-12-08 23:01:57',330,1),(318,'2015-12-08 23:13:18',331,1),(319,'2015-12-08 23:26:20',332,1),(320,'2015-12-08 23:27:21',333,1),(321,'2015-12-08 23:31:23',334,1),(322,'2015-12-09 00:07:07',335,1),(323,'2015-12-09 00:12:44',336,1),(324,'2015-12-09 00:14:48',337,1),(325,'2015-12-09 00:25:34',338,1),(326,'2015-12-09 00:31:18',339,1),(327,'2015-12-09 00:37:06',340,1),(328,'2015-12-09 01:23:19',341,1),(329,'2015-12-09 01:27:31',342,1),(330,'2015-12-09 01:32:00',343,1),(331,'2015-12-09 01:34:05',344,1),(332,'2015-12-09 01:41:54',345,1),(333,'2015-12-09 12:45:24',346,1),(334,'2015-12-09 12:50:25',347,1),(335,'2015-12-09 12:54:06',348,1),(336,'2015-12-09 14:03:52',349,1),(337,'2015-12-09 14:33:55',350,0),(338,'2015-12-09 14:35:23',351,1),(339,'2015-12-09 14:35:41',352,1),(340,'2015-12-09 14:36:12',353,0),(341,'2015-12-09 14:36:31',354,1),(342,'2015-12-09 14:37:01',355,1),(343,'2015-12-09 14:37:26',356,1),(344,'2015-12-09 14:37:54',357,1),(345,'2015-12-09 14:41:45',358,1),(346,'2015-12-09 14:49:30',359,1),(347,'2015-12-09 14:55:25',360,1),(348,'2015-12-10 16:26:02',361,1),(349,'2015-12-10 16:37:19',363,1),(350,'2015-12-10 16:40:51',364,1),(351,'2015-12-10 16:47:30',365,1),(352,'2015-12-10 17:16:12',366,1),(353,'2015-12-10 17:23:30',367,1),(354,'2015-12-10 19:03:05',368,1),(355,'2015-12-10 19:09:45',369,1),(356,'2015-12-10 21:32:15',370,1),(357,'2015-12-10 21:37:46',371,1),(358,'2015-12-10 21:40:05',372,1),(359,'2015-12-10 21:45:12',373,1),(360,'2015-12-10 21:46:57',374,1),(361,'2015-12-10 21:48:56',375,1),(362,'2015-12-10 21:54:24',376,1),(363,'2015-12-10 21:58:29',377,1),(364,'2015-12-10 22:05:36',378,1),(365,'2015-12-10 22:06:25',379,1),(366,'2015-12-10 22:08:54',380,1),(367,'2015-12-10 22:10:45',381,1),(368,'2015-12-12 13:09:22',382,1),(369,'2015-12-12 14:32:29',383,1),(370,'2015-12-12 14:37:01',384,0),(371,'2015-12-12 14:50:35',385,1),(372,'2015-12-12 14:53:35',386,1),(373,'2015-12-13 19:17:49',387,1),(374,'2015-12-13 19:19:54',388,1),(375,'2015-12-13 19:22:29',389,1),(376,'2015-12-13 19:26:08',390,1),(377,'2015-12-13 19:38:16',391,1),(378,'2015-12-13 20:02:54',392,1),(379,'2015-12-13 20:08:55',393,1),(380,'2015-12-14 09:23:21',395,1),(381,'2015-12-14 09:45:56',396,1),(382,'2015-12-14 09:53:58',397,1),(383,'2015-12-14 09:54:18',398,1),(384,'2015-12-14 09:54:51',399,1),(385,'2015-12-14 11:03:33',400,1),(386,'2015-12-14 11:06:45',401,1),(387,'2015-12-14 11:13:22',402,1),(388,'2015-12-14 11:17:39',403,1),(389,'2015-12-14 12:03:21',404,1),(390,'2015-12-14 16:41:41',405,0),(391,'2015-12-14 22:12:58',406,1),(392,'2015-12-14 10:17:16',407,1),(393,'2015-12-14 22:23:24',408,1),(394,'2015-12-14 22:28:27',409,1),(395,'2015-12-14 22:34:18',410,1),(396,'2015-12-14 22:35:45',411,1),(397,'2015-12-14 22:39:36',412,1),(398,'2015-12-14 22:42:14',413,1),(399,'2015-12-14 22:47:58',414,1),(400,'2015-12-14 22:51:49',415,1),(401,'2015-12-14 22:58:04',416,1),(402,'2015-12-14 23:01:09',417,1),(403,'2015-12-14 23:03:38',418,1),(404,'2015-12-14 23:03:58',419,1),(405,'2015-12-14 23:07:44',420,1),(406,'2015-12-14 23:09:39',421,1),(407,'2015-12-14 23:13:26',422,1),(408,'2015-12-14 23:14:17',423,1),(409,'2015-12-14 23:19:05',424,1),(410,'2015-12-14 23:21:10',425,1),(411,'2015-12-14 23:21:41',426,1),(412,'2015-12-14 23:26:37',427,1),(413,'2015-12-15 00:09:24',428,1),(414,'2015-12-15 00:17:13',429,0),(415,'2015-12-16 11:57:23',430,1),(416,'2015-12-15 13:40:41',431,1),(417,'2015-12-15 13:49:02',432,1),(418,'2015-12-15 13:51:08',433,1),(419,'2015-12-15 20:48:54',434,1),(420,'2015-12-16 01:54:36',435,1),(421,'2015-12-16 02:05:38',436,1),(422,'2015-12-16 13:08:45',437,1),(423,'2015-12-16 14:25:16',438,1),(424,'2015-12-16 15:45:53',439,1),(425,'2015-12-16 15:49:09',440,1),(426,'2015-12-16 15:51:53',441,1),(427,'2015-12-16 15:54:08',442,1),(428,'2015-12-16 17:29:19',443,1),(429,'2015-12-17 12:57:18',444,1),(430,'2015-12-17 13:29:16',445,1),(431,'2015-12-17 13:31:08',446,1),(432,'2015-12-17 17:15:16',447,0),(433,'2015-12-17 17:20:27',448,1),(434,'2015-12-17 17:30:35',449,1),(435,'2015-12-17 18:20:33',450,1),(436,'2015-12-17 18:24:24',451,1),(437,'2015-12-17 18:25:33',452,1),(438,'2015-12-17 18:26:08',453,1),(439,'2015-12-17 18:26:21',454,1),(440,'2015-12-17 18:28:33',455,1),(441,'2015-12-17 18:29:24',456,1),(442,'2015-12-17 18:32:47',457,1),(443,'2015-12-17 18:36:59',458,1),(444,'2015-12-17 18:44:25',459,1),(445,'2015-12-18 18:27:00',460,1),(446,'2015-12-18 19:47:08',461,1),(447,'2015-12-18 20:10:04',462,1),(448,'2015-12-18 20:11:21',463,1),(449,'2015-12-18 10:28:09',464,1),(450,'2015-12-18 22:30:18',465,1),(451,'2015-12-18 22:32:01',466,1),(452,'2015-12-18 22:36:13',467,1),(453,'2015-12-18 22:42:50',468,1),(454,'2015-12-18 22:44:39',469,1),(455,'2015-12-18 23:33:09',470,1),(456,'2015-12-18 23:40:12',471,1),(457,'2015-12-18 23:42:08',472,1),(458,'2015-12-18 23:42:51',473,1),(459,'2015-12-22 17:37:25',474,1),(460,'2015-12-22 17:41:50',475,1),(461,'2016-01-11 20:24:08',476,1),(462,'2016-01-11 20:26:47',477,0),(463,'2016-01-11 20:31:32',478,0),(464,'2016-01-14 11:22:55',479,1),(465,'2016-01-14 11:28:41',480,1),(466,'2016-01-14 11:30:05',481,1),(467,'2016-01-14 11:30:41',482,1),(468,'2016-01-14 17:15:43',483,1),(469,'2016-01-15 14:54:31',484,1),(470,'2016-01-15 15:39:05',485,1),(471,'2016-01-15 15:52:11',486,1),(472,'2016-01-15 15:58:29',487,1),(473,'2016-01-15 16:00:10',488,1),(474,'2016-01-15 16:00:43',489,1),(475,'2016-01-15 16:12:48',490,1),(476,'2016-01-15 16:15:01',491,1),(477,'2016-01-15 16:19:25',492,1),(478,'2016-01-15 16:40:30',493,1),(479,'2016-01-15 16:45:14',494,1),(480,'2016-02-06 17:44:49',510,0),(481,'2016-02-13 09:04:21',514,1),(482,'2016-02-13 09:06:24',512,0),(483,'2016-02-13 09:19:01',512,1),(484,'2016-02-13 10:01:29',502,1),(485,'2016-02-13 10:02:56',405,1),(486,'2016-02-13 10:16:59',222,1),(487,'2016-02-14 17:47:42',515,1),(488,'2016-02-14 17:49:53',516,1),(491,'2016-02-14 18:18:15',518,1),(492,'2016-02-15 00:04:00',519,1),(493,'2016-02-15 00:07:13',520,1),(494,'2016-02-15 00:17:03',521,1),(495,'2016-02-16 08:40:12',522,1),(496,'2016-02-16 08:44:16',523,1),(497,'2016-02-16 08:45:30',524,1),(498,'2016-02-16 08:53:17',525,1),(499,'2016-02-16 17:02:09',526,1),(500,'2016-02-16 17:05:18',527,1),(501,'2016-02-16 17:08:59',528,1),(502,'2016-02-16 17:27:28',529,1),(503,'2016-02-16 17:32:32',530,1),(504,'2016-02-16 17:36:08',531,1),(505,'2016-02-16 19:52:18',532,1),(506,'2016-02-16 21:27:22',533,1),(507,'2016-02-16 21:29:02',534,1),(508,'2016-02-16 21:30:55',535,1),(509,'2016-02-16 21:35:01',536,1),(510,'2016-02-16 21:43:51',537,1),(511,'2016-02-16 21:47:58',538,1),(512,'2016-02-17 10:40:21',539,1),(513,'2016-02-17 10:42:02',203,1),(514,'2016-02-17 10:47:50',540,1),(515,'2016-02-17 10:48:59',541,1),(516,'2016-02-17 10:57:18',542,1),(517,'2016-02-17 11:01:03',543,1),(518,'2016-02-17 11:21:08',544,1),(519,'2016-02-17 11:30:15',545,1),(520,'2016-02-17 11:32:10',546,1),(521,'2016-02-17 11:44:05',547,1),(522,'2016-02-17 11:47:28',548,1),(523,'2016-02-17 11:51:06',550,1),(524,'2016-02-17 11:56:38',551,1),(525,'2016-02-17 12:40:50',552,1),(526,'2016-02-17 12:49:06',553,1),(527,'2016-02-17 14:16:25',554,1),(528,'2016-02-17 14:22:31',555,1),(529,'2016-02-17 14:31:42',556,1),(530,'2016-02-17 14:51:44',557,1),(531,'2016-02-17 14:58:51',558,1),(532,'2016-02-17 15:01:02',384,1),(533,'2016-02-17 15:04:05',157,1),(534,'2016-02-17 15:09:52',559,1),(535,'2016-02-17 15:13:42',560,1),(536,'2016-02-17 15:19:54',561,1),(537,'2016-02-17 15:31:32',562,1),(538,'2016-02-17 15:45:18',563,1),(539,'2016-02-17 17:23:11',564,1),(540,'2016-02-17 17:28:31',565,1),(541,'2016-02-17 17:35:40',566,1),(542,'2016-02-17 18:03:03',567,1),(543,'2016-02-17 18:07:21',568,1),(544,'2016-02-17 18:46:23',569,1),(545,'2016-02-17 23:53:09',570,1),(546,'2016-02-18 12:04:55',571,1),(547,'2016-02-18 12:11:16',350,1),(548,'2016-02-18 12:11:28',353,1),(549,'2016-02-18 16:48:42',572,1),(550,'2016-02-18 16:53:51',573,1),(551,'2016-02-19 18:27:42',574,1),(552,'2016-02-19 18:36:15',575,0),(553,'2016-02-19 18:40:28',576,1),(554,'2016-02-19 18:44:33',577,1),(555,'2016-02-19 19:19:57',578,0),(556,'2016-02-19 20:22:38',579,1),(557,'2016-02-19 20:25:43',580,0),(558,'2016-02-19 20:36:18',447,0),(559,'2016-02-20 12:06:54',581,1),(560,'2016-02-20 12:14:21',80,1),(561,'2016-02-20 13:07:23',580,1),(562,'2016-02-20 13:09:38',582,1),(563,'2016-02-20 13:10:06',583,1),(564,'2016-02-20 13:17:15',447,1),(565,'2016-02-20 15:51:49',584,1),(566,'2016-02-20 15:56:01',585,1),(567,'2016-02-20 16:00:59',586,1),(568,'2016-02-20 16:06:35',587,1),(569,'2016-02-20 16:08:58',588,1),(570,'2016-02-20 16:13:21',589,1),(571,'2016-02-20 16:18:54',590,1),(572,'2016-02-20 16:20:33',591,1),(573,'2016-02-20 16:24:43',592,1),(574,'2016-02-20 16:30:57',593,1),(575,'2016-02-20 17:39:23',594,1),(576,'2016-02-20 17:41:35',596,1),(577,'2016-02-20 18:01:38',597,1),(578,'2016-02-20 21:11:31',598,1),(579,'2016-02-20 21:15:54',599,1),(580,'2016-02-20 21:21:23',578,1),(581,'2016-02-20 21:42:20',68,1),(582,'2016-02-20 21:47:04',575,1),(583,'2016-02-21 02:07:58',429,1),(584,'2016-02-21 16:40:57',600,1),(585,'2016-02-22 12:11:31',601,1),(586,'2016-02-22 12:15:19',602,1),(587,'2016-02-22 12:19:27',603,1),(588,'2016-02-22 12:24:05',604,1),(589,'2016-02-22 12:56:14',605,1),(590,'2016-02-22 13:01:43',606,1),(591,'2016-02-22 13:07:38',607,1),(592,'2016-02-22 13:11:19',608,1),(593,'2016-02-22 14:18:16',609,1),(594,'2016-02-22 14:27:33',610,1),(595,'2016-02-22 14:30:13',611,1),(596,'2016-02-22 16:09:27',60,1),(597,'2016-02-22 16:09:38',161,1),(598,'2016-02-22 16:34:54',510,1),(599,'2016-02-22 16:40:10',478,1),(600,'2016-02-22 16:40:28',477,1),(601,'2016-02-22 16:59:04',612,1),(602,'2016-02-22 17:03:03',613,1),(603,'2016-02-22 17:06:58',614,1),(604,'2016-02-22 17:10:45',615,1),(605,'2016-02-22 17:25:13',616,1),(606,'2016-02-22 17:30:12',617,1),(607,'2016-02-22 17:35:52',618,1),(608,'2016-02-22 17:39:45',619,1);
/*!40000 ALTER TABLE `log_word` ENABLE KEYS */;
UNLOCK TABLES;

--
-- Table structure for table `meaning`
--

DROP TABLE IF EXISTS `meaning`;
/*!40101 SET @saved_cs_client     = @@character_set_client */;
/*!40101 SET character_set_client = utf8 */;
CREATE TABLE `meaning` (
  `id` bigint(20) NOT NULL AUTO_INCREMENT,
  `explanation` varchar(1000) DEFAULT NULL,
  `language_id` bigint(20) NOT NULL,
  `word` bigint(20) NOT NULL,
  PRIMARY KEY (`id`),
  KEY `fk_meaning_language` (`language_id`),
  KEY `fk_meaning_word` (`word`),
  CONSTRAINT `fk_meaning_language` FOREIGN KEY (`language_id`) REFERENCES `language` (`id`),
  CONSTRAINT `fk_meaning_word` FOREIGN KEY (`word`) REFERENCES `word` (`id`)
) ENGINE=InnoDB AUTO_INCREMENT=943 DEFAULT CHARSET=utf8;
/*!40101 SET character_set_client = @saved_cs_client */;

--
-- Dumping data for table `meaning`
--

LOCK TABLES `meaning` WRITE;
/*!40000 ALTER TABLE `meaning` DISABLE KEYS */;
INSERT INTO `meaning` VALUES (2,'adverb',4,3),(4,'eigentlich Worttrennung: ei|gent|lich in Wirklichkeit (im Unterschied zum äußeren Anschein); Abkürzung: eigtl. im Grunde, genau genommen; ',4,3),(7,'in a manner of speaking',4,3),(8,'intrinsic',4,3),(9,'rather',4,3),(10,'actually',4,3),(11,'Saving',4,5),(12,'price advantage',4,5),(13,'vorschleifen',4,5),(14,'vorschleifen',4,5),(20,'Adjektiv - einer Sache in Wahrheit zugrunde liegend; tatsächlich, wirklich',4,6),(21,'upa',4,6),(23,'cao',4,3),(31,'existing in fact; real',4,4),(32,'das akustische Formulieren von Lauten, Worten und Sätzen',3,9),(33,'das Besprechen, die Diskussion eines Problems, das Gespräch zu einem bestimmten Sachverhalt',3,9),(34,'the act or result of producing the sounds of speech, including articulation, stress, and intonation, often with reference to some standard of correctness or acceptability:',4,10),(35,'a phonetic transcription of a given word, sound, etc.: The pronunciation of “pheasant” is[fez - uh nt] . ',4,10),(38,'allgemein: Zustand jenseits der Ruhe',3,13),(39,'Vorsicht zeigend, Achtung gebend',3,14),(40,'cautious in one\'s actions: ',4,15),(41,'(of things) done or performed with accuracy or caution: ',4,15),(43,'kundtun, dass man etwas zu leisten bereit ist; etwas zur Verfügung oder in Aussicht stellen, etwas zusichern',3,20),(44,'to make available; furnish: ',4,21),(45,'to offer (a certain sum) as the price one will pay or charge',4,22),(46,' gehoben: etwas reichen, hinhalten',3,20),(47,' transitiv, gehoben: jemandem etwas geben',3,23),(48,' transitiv: jemandem etwas entgegenstrecken',3,23),(49,'transitiv: servieren',3,23),(50,'eine kurze Reise oder ein Abstecher; oft mit dem Ziel, sich zu erholen oder zu unterhalten',3,24),(51,'to examine in detail with careful or critical attention. ',4,29),(52,'to make holy; sanctify; consecrate. ',4,31),(53,'to honor as holy; consider sacred; venerate: ',4,31),(54,'etwas aufbauen, bauen',3,32),(56,'etwas gründen, eröffnen',3,32),(57,'Substantiv, feminin - Maßnahme zur Einschränkung des Verbrauchs, der Kosten',3,34),(58,'austerity measure',4,35),(59,'cost-cutting measure',4,36),(60,' eine Öffnung oder den Verschluss einer solchen zumachen',3,37),(61,'eine Öffnung oder den Verschluss einer solchen zumachen',3,38),(62,'sich schließen: zugehen, zumachbar sein, geschlossen werden',3,38),(63,'Hat jemand ein Aufladegerät für Apple Laptop - das er/sie mir morgen leihen kann? Gebe es nat. sofort danach zurück:):). Bitte Danke!!!!',3,39),(64,'a sudden, forceful backward movement; recoil. ',4,41),(65,'a marginal note in a text',4,42),(66,'Substantiv, feminin - 1a. das Führen, Geführtwerden; verantwortliches Leiten; 1b. das Führen; 1c. leitende Personengruppe',3,43),(67,'die Hilfe oder Mithilfe von jemandem (oder im übertragenen Sinne auch von etwas)',3,44),(68,' (technisch) eine technische Stütze',3,44),(69,'m. bestimmte  physiologische Fähigkeit zur Wahrnehmung von etwas',3,45),(70,'innere Beziehung, Verständnis einer Person für eine Sache',3,45),(71,'f.  (technisch) eine technische Stütze',3,44),(72,'Nominativ 	der Sinn 	die Sinne Genitiv 	des Sinns des Sinnes 	der Sinne Dativ 	dem Sinn dem Sinne 	den Sinnen Akkusativ 	den Sinn 	die Sinne',3,45),(73,'Beihilfe vom Staat in Form von Geldzahlungen',3,44),(74,'adv  genau so viel (wie angegeben), oder mehr (von Elementen des selben Typs)',3,47),(75,'eine Kränkung oder Beleidigung erlitten habend, psychisch von jemandem aus dem Gleichgewicht gebracht worden sein',3,48),(76,'adj.  sich eine physische Wunde zugezogen habend',3,48),(77,'ver·letzt, Komparativ: ver·letz·ter, Superlativ: am ver·letz·tes·ten',3,48),(78,'bear the blame',3,49),(79,'f.  kein Plural, Recht, Zivilrecht: Verbindlichkeit, Pflicht etwas zu tun oder zu unterlassen',3,49),(80,'meist Plural Verpflichtung zu einer Leistung an einen Dritten, in Geld oder sonstigen Werten',3,49),(81,' Superlativ zu viel',3,50),(82,'Bezeichnet den größten Teil einer Gesamtheit, d. h. die Mehrheit. Nur attributiv.',3,50),(83,'am meisten: Superlativ zu sehr',3,50),(84,'einem Menschen oder einem Tier gewaltsam das Leben nehmen',3,51),(85,'töten, Präteritum: tötete, Partizip II: getötet',3,51),(86,'slain',3,51),(87,'killed',4,51),(88,'f. Mi·liz, Plural: Mi·li·zen   ',3,52),(89,'Militär: nicht ständige Streitkräfte als Ergänzung der Kampftruppe',3,52),(90,'militia',4,52),(91,'f  allgemein: außergewöhnliche, nicht übliche Situation; Ausnahme vom Normalzustand',3,53),(92,'speziell: staatsgefährdender Zustand (Krieg, Aufruhr oder Ähnliches), in dem manche Rechte außer Kraft gesetzt werden können und bestimmte staatliche Organe Vollmachten erhalten',3,54),(93,'m. Aus·nah·me·zu·stand, Plural: Aus·nah·me·zu·stän·de',3,54),(94,'f. Selbst-)Verpflichtung für eine Sache oder Person; Bereitschaft, für seine Handlungen einzustehen',3,55),(95,'m. Zeu·ge, Plural: Zeu·gen  eine Person, die etwas bestimmtes gesehen oder auf andere Art wahrgenommen hat und dies auch bestätigen kann/könnte',3,56),(96,'v. be·stä·ti·gen, Präteritum: be·stä·tig·te, Partizip II: be·stä·tigt',3,57),(97,' den Wahrheitsgehalt einer Aussage oder eines Sachverhalts bejahen oder zumindest erhärten',3,57),(98,' Angebot annehmen',3,57),(99,'über·neh·men, Präteritum: über·nahm, Partizip II: über·nom·men',3,58),(100,'m. Be·weis, Plural: Be·wei·se',3,59),(101,'Jura, Mathematik: die Darlegung der Richtigkeit oder der Unrichtigkeit einer Aussage oder eines Urteils mittels empirischer oder logischer Methoden',3,59),(102,'Logik: eine nach festgelegten Regeln durchgeführte Ableitung',3,59),(103,'m Un·fall, Plural: Un·fäl·le   ein ohne Absicht herbeigeführter Vorfall, bei dem Sachen oder Menschen zu Schaden kommen',3,61),(104,'m. Vor·fall, Plural: Vor·fäl·le  ein außergewöhnliches oder spezielles (und meist negatives) Ereignis / Geschehnis',3,62),(105,'n. Er·leb·nis, Plural: Er·leb·nis·se  ein bemerkenswertes Ereignis, das jemand erlebt hat',3,63),(106,'experience, adventure',3,63),(107,'f. Ansprache, Vortrag vor anderen Personen',3,64),(108,'Ansprache, Vortrag vor anderen Personen',3,64),(109,'Re·de, Plural: Re·den',3,64),(110,' sich wegen eines Verlustes in gedrückter Stimmung, Verfassung befinden',3,65),(111,'trau·ern, Präteritum: trau·er·te, Partizip II: ge·trau·ert',3,65),(112,'Ver·fas·sung, Plural: Ver·fas·sun·gen',3,66),(113,'constitution, condition, shape, state',3,66),(114,'Gesamtheit aller Maßnahmen zum Schutz der durch die Verfassung festgelegten Ordnung',3,67),(115,'constitution protection',4,67),(116,'dauerhafte Niederlassung in einem fremden Land',3,68),(117,'immigration',3,68),(118,'to remove or destroy all traces of; do away with; destroy completely. ',4,69),(119,'etwas (von jemandem) verlangen',3,70),(120,'for·dern, Präteritum: for·der·te, Partizip II: ge·for·dert',3,70),(121,'m. Wech·sel, Plural: Wech·sel',3,71),(122,'das Austauschen von Personen oder Gegenständen',3,71),(123,'m An·griff, Plural: An·grif·fe Vorgehen gegen einen Gegner oder Feind',3,72),(124,'Sport: die Mannschaft bzw. der Spieler, die/der zum Beispiel gerade im Ballbesitz ist oder gerade viel Druck auf den sportlichen Gegner ausübt',3,72),(125,'assault, raid, oslaught, attack',3,72),(126,'m Geg·ner, Plural: Geg·ner  -  Person oder Institution/ Organisation, die gegenteilige Interessen verfolgt',3,73),(127,'mit Genitiv, gehoben, veraltend: jemanden einer Sache zeihen: jemandem diese Sache (zumeist ein ',3,74),(128,'zei·hen, Präteritum: zieh, Partizip II: ge·zie·hen',3,74),(129,'opponent',4,73),(130,'accuse',4,74),(131,'demand claim require',4,70),(134,'v. zie·hen, Präteritum: zog, Partizip II: ge·zo·gen  mit Anwendung von Kraft auf sich zu bewegen',3,75),(135,'to pull, to drag, to draw, to tug, to tear to grow',3,75),(136,'f. Grau·zo·ne, Plural: Grau·zo·nen  rechtlich zweifelhafter Bereich, der nicht deutlich als legal oder illegal zu bezeichnen ist und Interpretationsspielraum besitzt',3,76),(137,'grey area, twilight area',3,76),(138,'m. n. ein mehr oder weniger abgegrenztes Gebiet (der Ort) (auch übertragen)',3,78),(139,'realm, area, range, scope, field, domain, division, ',3,78),(140,'n. ein Fach- oder Aufgabenbereich (meist im Zusammenhang mit dem Arbeitsplatz), in dem Aufgaben und/oder Aufträge bestimmten Types zu erledigen sind.',3,79),(141,'assignment',3,79),(142,'prep. Wegen des defekten Wagens wurde die Straße blockiert.',3,80),(143,'through, concerning, regarding, for',3,80),(144,'prep. mit dem Genitiv, seltener, in der Schweiz häufiger mit dem Dativ: ungeachtet eines bestimmten Umstandes; ohne Rücksicht auf etwas; einer Sache zum Trotz',3,81),(145,'despite',4,81),(146,'in spite of',4,81),(147,'m Mit·ar·bei·ter, Plural: Mit·ar·bei·ter    jemand, der zusammen mit anderen im gleichen Betrieb/in der gleichen Institution arbeitet',3,82),(148,'employee, colleague, associate',4,82),(149,'Institution, die Aufgaben der öffentlichen Verwaltung wahrnimmt',3,83),(150,'v. grei·fen, Präteritum: griff, Partizip II: ge·grif·fen',3,85),(151,'etwas mit der Hand nehmen, packen, anfassen, festhalten',3,85),(152,'grab, grasp, grip, snatch, bite, take hold of',3,85),(153,'attack, seize,  charge, engage',5,86),(154,'verbal oder physisch jemanden oder etwas attackieren',3,86),(155,'der Feind; Plural: Fein·de',3,87),(156,'hostile enemy',4,87),(157,'Eine Person oder Gruppe mit negativer Beziehung zu einer anderen',3,87),(158,'estimate, assessment, evaluation, appraisal, rating',3,88),(159,'relation, respect, regard, connection',4,89),(160,'Verhältnis, in dem Menschen oder Organisationen zueinander stehen',3,89),(161,' wechselseitiges Verhältnis zwischen beliebigen Objekten',3,89),(162,' Partnerschaft zwischen zwei Menschen',3,89),(163,'prevent, thwart, prohibit inhibit',3,90),(164,'ver·schan·zen, Präteritum: ver·schanz·te, Partizip II: ver·schanzt     sich zum Schutz in eine Deckung bringen; sich (wie in einer Schanze) befestigen, sich eingraben',3,91),(165,'der Be·griff, Plural: Be·grif·fe  eine semantische Einheit im Unterschied zum Wort oder zur Wortgruppe als sprachlicher Einheit – also ein Gegenstand, ein Sachverhalt, ein Ereignis, mehrere davon oder Ähnliches',3,92),(166,'der gemeinte Bedeutungsinhalt eines Wortes oder einer Wortgruppe',3,92),(167,'term, concept, notion',3,92),(168,'lösen | löste | gelöst  eine Aufgabe, ein Problem bewältigen',3,93),(169,'eine Fahrkarte, ein Ticket kaufen',3,93),(170,' eine Verbindung trennen',3,93),(171,'etwas Verbindendes',3,94),(172,'ver·glei·chen, Präteritum: ver·glich, Partizip II: ver·glichen zwei oder mehrere Dinge auf Gemeinsamkeiten und Unterschiede prüfen',3,95),(173,'compare',4,95),(174,'las·sen, Präteritum: ließ, Partizip II: ge·las·sen',3,96),(175,'etwas zu tun ermöglichen, erlauben, dulden, hinnehmen',3,96),(176,'sich für eine von mehreren Möglichkeiten entscheiden',3,97),(177,'eine Telefonnummer benutzen',3,97),(178,'vote, chose, elect, dial',4,97),(179,'adj ma·ger, Komparativ: ma·ge·rer, Superlativ: am ma·gers·ten',3,98),(180,'dünn, dürr',3,98),(181,' vorübergehender Aufenthalt',3,99),(182,'accomodation, lodging',3,99),(183,'in relativ hohem Grad möglich, mit ziemlicher Sicherheit anzunehmen',3,100),(184,'v. wan·dern, Präteritum: wan·der·te, Partizip II: ge·wan·dert',3,101),(185,'einen längeren Weg in der Natur zu Fuß zurücklegen',3,101),(186,' für gewöhnlich, im allgemeinen, bei anderen Gelegenheiten, zu anderer Zeit als gerade jetzt',3,101),(187,'Bereitstellung von etwas Fehlendem oder dringend Gebrauchtem; versorgt sein',3,103),(188,'the act of supplying, furnishing, providing, satisfying, etc.: to begin the supply of household help.',4,104),(189,'something that is supplied: The storm cut off our water supply.',4,104),(190,'the providing or supplying of something, especially of food or other necessities. ',4,105),(191,'Plural selten: die Sorge oder Gewährleistung dafür, dass eine Sache vorhanden/verfügbar ist',4,107),(193,'etwas durchtrennen, durchschneiden',3,106),(194,'to detach with or as if with a sharp-edged instrument; separate from the main body; lop off: to cut a slice from a loaf of bread.',4,109),(195,'umgangssprachlich: eine straffällige Person fassen',3,106),(196,'to take upon oneself; undertake: to assume an obligation.',4,110),(197,'a whetstone of fine, compact texture for sharpening razors and other cutting tools. ',4,111),(198,' etwas oder jemanden von einem Ort zu einem anderen senden',3,113),(199,' reflexiv: den sittlichen Maßstäben entsprechen',3,113),(200,' To retain possession of: kept the change; must keep your composure.',4,116),(201,' aware of what is happening in a particular area of activity',4,117),(202,'the main point or part :  essence <the gist of an argument>',4,118),(203,' the ground of a legal action ',4,118),(204,'Самое главное и существенное в чём-н..',2,119),(205,'to write or mark down quickly or briefly (usually followed by down): ',4,120),(206,'a very small amount',4,120),(207,'badly made or done',4,121),(208,'Плохой, никуда не годный.',2,122),(209,' чулки и носки',2,124),(210,'Лишённый положительных качеств, неудовлетворительный, не удовлетворяющий каким-н. требованиям ;.',2,123),(211,'Очень слаб, не подаёт надежды на выздоровление.',2,123),(212,'magnitude in three dimensions: ',4,126),(213,'the greater part; main mass or body: The bulk of the debt was paid.',4,126),(214,'О ком-чём-н. очень большом, сосредоточенном в одном месте и т. п..',2,127),(215,' ein großer Teil',3,128),(216,'ohne Plural: der größte Teil einer Gesamtheit',3,128),(217,'Bereitstellung von Geld oder Sachmitteln für einen erwünschten Zweck',3,129),(218,' Anstalt, Einrichtung, Institution, Organisation, die mit gestifteten Geldern oder Sachmitteln ins Leben gerufen wurde',3,129),(219,'the basis or groundwork of anything: the moral foundation of both society and religion.',4,130),(220,'an institution financed by a donation or legacy to aid research, education, the arts, etc.: the Ford Foundation.',4,130),(221,'Linguistik: grammatische Kategorie der Deklination von Substantiven, Adjektiven, Pronomen und Artikel',3,131),(222,'bildungssprachlich, selten: Gegenstand, Vorkommnis',3,131),(223,' grammatical case',4,132),(224,'wer·den, Präteritum: wur·de, (veraltet) ward, Partizip II: ge·wor·den, wor·den',3,133),(225,'seinen Zustand ändern; einer Änderung unterlaufen',3,133),(226,'in Zukunft geschehen; in Zukunft sein',3,133),(227,'ge·sche·hen, ge·schieht, Präteritum: ge·schah, Partizip II: ge·sche·hen',3,134),(228,' intransitiv: sich ereignen; zutragen',3,134),(229,'mit Dativ: widerfahren',3,134),(230,'to take place; come to pass; occur: Something interesting is always happening in New York.',4,135),(231,'to happen; take place; come to pass: When did the accident occur?',4,136),(232,'Happen, occur, as in Let me know where the ceremony will take place. [Second half of 1700s]',4,137),(233,'Быть какого-н. происхождения.',2,138),(234,'fein verteilte Flüssigkeitströpfchen, fast immer Wassertröpfchen, oder Eisteilchen in der Luft',3,139),(235,'a ridge, mound, or irregular mass of unstratified glacial drift, chiefly boulders, gravel, sand, and clay. ',4,140),(236,' etwas/jemand gehört jemandem: Eigentum von einer Person sein',3,141),(237,'zur gleichen Zeit mit etwas anderem ablaufend',3,142),(238,'auch noch',3,142),(239,'moreover; in addition; also; too: She is likewise a fine lawyer.',4,143),(240,'into or in one gathering, company, mass, place, or body: ',4,144),(241,'die höchste Stelle eines Berges oder eines Gebirgszuges',3,145),(242,'ein politisches Spitzentreffen',3,145),(243,'the highest point or part, as of a hill, a line of travel, or any object; top; apex. ',4,146),(244,'the highest level of diplomatic or other governmental officials: ',4,146),(245,'to establish by proof or competent evidence: to substantiate a charge.',4,147),(246,'to give substantial existence to: to substantiate an idea through action.',4,147),(247,'Fig. to take shortcuts; to save money or effort by finding cheaper or easier ways to do something. They\'re always finding ways to cut corners. I won\'t cut corners just to save money. I put quality first.',4,148),(248,' To cause to become confused or perplexed.',4,149),(249,'Used in mild curses: Confound you!',4,149),(250,'To make (something bad) worse: Do not confound the problem by losing your temper.',4,149),(251,' A warning or caution: made a recommendation with many caveats.',4,150),(252,'a warning or proviso of specific stipulations, conditions, or limitations. \"But it is also liberally sprinkled with caveats and warnings as to the difficulties in turning up more evidence.\"',4,150),(253,'a vital, basic, decisive, or pivotal point: The crux of the trial was his whereabouts at the time of the murder.',4,151),(254,'Cross',4,151),(255,'something that torments by its puzzling nature; a perplexing difficulty. ',4,151),(256,'to stay attached; stick fast; cleave; cling (usually followed by to): The mud adhered to his shoes.  <br>It is imperative that you use your own words to summarize the paper. Failing to adhere to this guideline not only constitutes plagiarism, but also demonstrates that you probably do not quite understand the work.',4,152),(257,'(of a person or a person\'s words) having or showing the ability to speak fluently and coherently. \"an articulate account of their experiences\" Synonyme: eloquent, fluent, effective, persuasive, lucid, expressive, silver-tongued, intelligible, comprehensible, understandable',4,153),(258,'tending to exhaust or drain, as resources or strength: a protracted, exhaustive siege of illness.',4,154),(259,' exhausting a subject, topic, etc.; comprehensive; thorough: He published an exhaustive study of Greek vases.<br> <br> (Of course, this list is not supposed to be exhaustive',4,154),(260,'a flaky deposit left in containers such as kettles by the action of heat on water containing calcium salts Often shortened to scale ',4,155),(261,'weak; inadequate; unsatisfactory; clumsy: a lame excuse.',4,156),(262,' crippled or physically disabled, especially in the foot or leg so as to limp or walk with difficulty. 2. impaired or disabled through defect or injury: a lame arm.',4,156),(263,'a searching examination or investigation; minute inquiry.  <br>a close and searching look. ',4,157),(264,'to veer or angle away from a given level or line, especially from a horizontal; slope. ',4,158),(265,'-',1,159),(266,'cir',4,160),(267,'22332',4,160),(268,' anregendes schwarzes Aufgussgetränk',3,161),(269,'wässrige Flüssigkeit, die durch Übergießen von Pflanzenteilen mit heißem oder kochenden Wasser hergestellt wird',3,162),(270,'lä·cheln, Präteritum: lä·chel·te, Partizip II: ge·lä·chelt',3,163),(271,' die Mundwinkel nach oben zu einem Grinsen ziehen und dabei (oft oder selten, je nach Person) den Mund leicht öffnen, wodurch man die Zähne sehen kann',3,163),(272,'Kummer/Leid ausrufend: dem Angesprochenen wird es schlecht ergehen',3,164),(273,' etwas irgendwo hinlegen und es später nicht mehr wiederfinden',3,165),(274,'bei dem',3,166),(275,'Geld für eine Tätigkeit erhalten',3,167),(276,'den angemessenen Gegenwert für etwas geliefert haben, die Voraussetzungen für etwas erfüllt haben',3,167),(277,'to be worthy of, qualified for, or have a claim to reward, punishment, recompense, etc.: to reward him as he deserves; an idea deserving of study.',4,168),(278,'das',3,169),(279,'Unterhaltung: Volksfeste, die zum/am Jahrestag eines Kirchenpatrons abgehalten werden',3,170),(280,'der stetige Ablauf von Zeiteinheiten',3,171),(281,' Schicksal, unbeeinflussbares Geschick',3,172),(282,'Go!',4,172),(283,'etwas, das keinen Sinn hat. Was für einen Unsinn sie da wieder von sich gibt!',3,173),(284,'auf·ste·hen, Präteritum: stand auf, Partizip II: auf·ge·stan·den Hilfsverb sein: sich vom Nachtlager (Bett) erheben',3,174),(285,'ver·schie·den, Komparativ: ver·schied·ner, ver·schie·de·ner, Superlativ: ver·schie·dens·ten nicht gleich, andere Eigenschaften habend',3,175),(286,'not alike in character or quality; distinct in nature; dissimilar: The two brothers are very different, although they are identical twins.',4,176),(287,'nicht der-/die-/dasselbe, nicht identisch',3,175),(288,'zei·gen, Präteritum: zeig·te, Partizip II: ge·zeigt ditransitiv: jemanden etwas sehen lassen',3,178),(289,'dau·ern, Präteritum: dau·er·te, Partizip II: ge·dau·ert  intransitiv: über bestimmten Zeitraum erstrecken, für eine bestimmt Zeitspanne anhalten, währen',3,179),(290,' mehreren Personen oder Sachen zugleich eigen',3,180),(291,'fan·gen, Präteritum: fing, Partizip II: ge·fan·gen jemanden seiner Freiheit berauben',3,181),(292,']einen zugeworfenen Gegenstand fassen und festhalten',3,181),(293,'to seize or capture, especially after pursuit: to catch a criminal; to catch a runaway horse.',4,182),(294,'der Rat·schlag, Plural: Rat·schlä·ge einzelne zur Bewältigung eines Problems gegebene Empfehlung',3,183),(295,'emp·feh·len, Präteritum: emp·fahl, Partizip II: emp·foh·len',3,184),(296,'transitiv: jemanden als vorteilhaft, geeignet, zuverlässig infrage kommend benennen; jemandem anraten, ',3,184),(297,'to present as worthy of confidence, acceptance, use, etc.; commend; mention favorably: to recommend an applicant for a job; to recommend a book.',4,185),(298,'je·der, je·de, je·des, Plural: je·de',3,186),(299,'ein Einzelner (eine Einzelne, ein Einzelnes) zusammen mit allen anderen einer Gruppe',3,186),(300,'Masse eines Körpers; das, was man auf einer Waage in Form von Kilogramm ablesen kann',3,187),(301,' das Gewicht von jemandem oder etwas messen, schätzen',3,189),(302,'he·ben, Präteritum: hob, Partizip II: ge·ho·ben  auf größere Höhe bringen',3,190),(303,'ab·neh·men, Präteritum: nahm ab, Partizip II: ab·ge·nom·men  ',3,191),(304,' von einer Stelle entfernen ',3,191),(305,'kleiner oder weniger werden ',3,191),(306,'Nach der Eingangskontrolle konnten wir an der Veranstaltung teilnehmen.',3,192),(307,'öff·nen, Präteritum: öff·ne·te, Partizip II: ge·öff·net   etwas aufmachen; offen machen',3,194),(308,'Kampf um die beste Leistung unter mehreren Personen oder Gruppen',3,195),(309,'the act of competing; rivalry for supremacy, a prize, etc.: The competition between the two teams was bitter.',4,196),(310,'der Wett·kampf, Plural: Wett·kämp·fe',3,195),(311,'die',3,197),(312,'ho·len, Präteritum: hol·te, Partizip II: ge·holt  etwas, jemanden zu sich kommen machen',3,198),(313,'sss',4,199),(314,'vom Umfang her bedeutend, besonders auch von großem Umfang',3,200),(315,'  flie·gen, Präteritum: flog, Partizip II: ge·flo·gen ein Luftfahrzeug führen',3,201),(316,'sich etwas von jemandem nehmen, zueigen machen; jemandem etwas wegnehmen',3,58),(317,'ver·wen·den, Präteritum: ver·wen·de·te, ver·wand·te Partizip II: ver·wen·det, ver·wandt <br> konkret oder abstrakt: etwas benutzen, zu einem bestimmten Zweck einsetzen.',3,202),(318,'-',4,203),(319,'-',4,204),(320,'-',4,205),(321,'ver·su·chen, Präteritum: ver·such·te, Partizip II: ver·sucht <br> etwas versuchen: mit ungewissem Erfolg etwas beginnen, anstreben',3,206),(322,' bei Nachstellung mit Dativ, (selten) bei Voranstellung mit Genitiv:[1] auf etwas hinweisend, nach, gemäß',3,207),(323,'Hunderte Migranten aus Marokko, Algerien und Pakistan haben am Donnerstag einem Reuters-Bericht zufolge versucht',3,207),(324,'-',4,208),(325,'durch·bre·chen, Präteritum: brach durch, Partizip II: durch·ge·bro·chen in zwei Teile brechen',3,209),(326,'so sitzen, dass das Körpergewicht auf den Knien ruht',3,210),(327,'the act or a result of breaking; break or rupture. ',4,211),(328,' eine aus Drahtgeflecht oder aus (gekreuzten, parallel angeordneten oder dergleichen) Metall- oder Holzstäben bestehende Vorrichtung, die zumeist ein Grundstück, ein bestimmtes Areal oder dergleichen eingrenzt',3,212),(329,'in Gewahrsam nehmen',3,213),(330,'-',4,214),(331,' now, at the present time.',4,215),(332,'I\'m very busy at the moment.  Be Careful! Don\'t say \'I\'m very busy in the moment\' or \'I\'m very busy in this moment\'.',4,215),(333,'A moment is a very short period of time.',4,216),(334,'das Gefühl haben, sich darauf verlassen zu können, dass etwas oder jemand so handeln oder funktionieren wird, wie man es sich vorstellt',3,217),(335,'reflexiv: etwas wagen',3,217),(336,'pick out (someone or something) as being the best or most appropriate of two or more alternatives. \"he chose a seat facing the door\"',4,218),(337,'Vorgang des Verteilens',3,219),(338,'Ergebnis des Verteilens',3,219),(341,'Abfolge mehrerer Schusswechsel',3,220),(342,'-',4,221),(343,'zumeist abwertend, ohne Plural: ununterbrochenes, andauerndes Schießen',3,220),(344,'allgemein: Aussage, Behauptung',3,222),(345,'something stated',4,223),(346,'the sexual activity of conceiving and bearing offspring',4,224),(347,'  as a result of this document or utterance.     \"all such warranties are hereby excluded\"',4,225),(348,'Kleidung: ein um den Körper getragenes Band, das zum Zusammenhalt von Kleidung dient',3,26),(349,'Turm mit Sendeanlagen für Hörfunk und Fernsehen',3,226),(350,'-',4,227),(351,'Телебашня — высокая опора (башня или мачта), на которую устанавливаются передающие антенны телевизионных и радиовещательных передатчиков телевизионного передающего центра.',2,228),(352,'Eine Sendeanlage (kurz Sender) ist eine Einrichtung zur Erzeugung und Abstrahlung von elektromagnetischen Wellen, die beispielsweise mit Sprache oder Musik moduliert sind.',3,229),(353,'a set of equipment used to generate and transmit electromagnetic waves carrying messages or signals, especially those of radio or television.',4,230),(354,'Kran·ken·wa·gen, Plural 1: Kran·ken·wa·gen, Plural 2: Kran·ken·wä·gen <br>',3,232),(355,' Fahrzeug, um kranke oder verletzte Menschen zu transportieren',3,232),(356,'-',4,233),(357,'rescue',4,234),(358,'schriftlich oder mündlich zusätzlich gegebene Information',3,235),(359,'the act of remarking; notice. ',4,236),(360,'Not·arzt, Plural: Not·ärz·te <br> Mediziner, der auf die Behandlung von Notfällen spezialisiert ist',3,237),(361,'-',4,238),(362,'Not·auf·nah·me, Plural: Not·auf·nah·men <br> Station in einem Krankenhaus für akute Notfälle',3,239),(363,'-',4,240),(364,'a sudden, urgent, usually unexpected occurrence or occasion requiring immediate action. ',4,241),(365,'Not·fall, Plural: Not·fäl·le <br>plötzliche, gefährliche Situation',3,242),(366,'Ver·let·zung, Plural: Ver·let·zun·gen <br> eine Beschädigung von Gewebe',3,243),(367,'harm or damage that is done or sustained: to escape without injury.',4,244),(368,'eine akute, fieberhafte Virus-Infektion, vorwiegend mit Entzündung der Atemwege, welche endemisch, epidemisch oder pandemisch auftritt und durch das Influenza-Virus verursacht wird',3,245),(369,'a specific variety of influenza, usually named for its point of dissemination or its animal vector: Hong Kong flu; swine flu',4,246),(370,'stomach, maw',3,247),(371,'Sprech·stun·de, Plural: Sprech·stun·den <br> enige Zeit, in der (zum Beispiel) ein Arzt oder Rechtsanwalt einem Patienten bzw. Klienten zur Beratung zur Verfügung steht',3,248),(372,'-',4,249),(373,'Un·ter·su·chung, Plural: Un·ter·su·chun·gen <br> die genauere Betrachtung, Beobachtung oder das Betasten zur Bestimmung eines Sachverhalts oder Objektes',3,250),(374,'-',4,251),(375,'allgemein: eine Interessengemeinschaft',3,252),(376,'Ver·band, Plural: Ver·bän·de <br> Medizin: eine Wundabdeckung',3,252),(377,'a strip of cloth or other material used to bind up a wound, sore, sprain, etc. ',4,253),(378,'blu·ten, Präteritum: blu·te·te, Partizip II: ge·blu·tet <br>  austreten von Blut aus Blutgefäßen',3,254),(379,'to lose blood from the vascular system, either internally into the body or externally through a natural orifice or break in the skin: to bleed from the mouth.',4,255),(380,'ster·ben, Präteritum: starb (stür·be), Partizip II: ge·stor·ben <br>  intransitiv: von Lebewesen: aufhören zu leben',3,256),(381,'die',4,257),(382,'ver·bin·den, Präteritum: ver·band, Partizip II: ver·bun·den <br> Medizin: mit einer Binde abdecken, mit einem Verband versorgen',3,258),(383,'reflexiv: sich vereinen (für Dinge oder Personen), eine Beziehung eingehen, chemisch auch: eine chemische Verbindung eingehen',3,258),(384,' eine Infektion im Atmungsorgan haben',3,259),(385,'-',4,260),(386,'Sor·ge, Plural: Sor·gen bedrückendes Gefühl der Unruhe, durch eine unangenehme und/oder gefahrvolle Situation hervorgerufen',3,261),(387,'-',4,262),(388,'-',4,263),(389,'Wahr·heit, Plural: Wahr·hei·ten was wahr ist, was Bestand hat; was wirklich der Fall ist, was zutrifft; von Sätzen: Gültigkeit, Korrektheit; von Aussagen: Unverfälschtheit, umfassende Natur. Man unterscheidet absolute Wahrheit (zeitlos wahr) und relative Wahrheit (temporär wahr)',3,264),(390,'ver·trau·en, Präteritum: ver·trau·te, Partizip II: ver·traut  auf jemanden, auf etwas seine Zuversicht richten, hoffen',3,265),(391,' weist auf eine vorausgehende Ursache oder einen Grund hin und bezeichnet die Folge',3,266),(392,'-',4,267),(393,'-',4,268),(394,'trau·rig Komparativ: trau·ri·ger Superlativ: am trau·rigs·ten     betrübt, niedergeschlagen',3,269),(395,'natomie: das bewegliche Organ im Mund, mit dem man schmeckt, schleckt, leckt, die Nahrung hin und her schiebt und spricht',3,273),(396,' incapable of producing any result; ineffective; useless; not successful',4,278),(397,'trifling; frivolous; unimportant. ',4,278),(398,'a joint of a finger, especially one of the articulations of a metacarpal with a phalanx. <br> the rounded prominence of such a joint when the finger is bent. ',4,279),(399,'Geometrie: Länge des Randes einer Fläche',3,280),(400,'the outer boundary, especially of a circular area; perimeter',4,281),(401,'das Ausmaß',3,280),(402,'the space or degree to which a thing extends; length, area, volume, or scope: the extent of his lands; to be right to a certain extent.',4,282),(403,' (tr, adverb) to distinguish between; discern: can you tell the twins apart?. ',4,283),(404,'Gerät zum Aufladen von Akkumulatoren',3,39),(405,'bad-tempered and sulky',4,284),(406,'Consuming or eager to consume great amounts of food; ravenous.',4,285),(407,'Having or marked by a strong desire for an activity or pursuit: a voracious reader.',4,285),(408,'A small, glowing piece of coal or wood, as in a dying fire.',4,286),(409,'something transferred or resulting from a previous situation or context. \"the slow trading was a carryover from the big losses of last week\"',4,287),(410,'To persist to another time or situation: The confidence gained in remedial classes carried over into the children\'s regular school work.',4,287),(411,'действие по значению гл. соревноваться; деятельность, участники которой стремятся опередить, превзойти друг друга в чём-либо ◆ Соревнование в скорости. ◆ Соревнование двух экономических систем. ◆ Соревнование штангистов. ◆ Социалистическое соревнование. ',2,288),(412,' Text, der einen Sachverhalt oder eine Handlung objektiv schildert',3,289),(413,'Prä·si·dent, Plural: Prä·si·den·ten <br> Staatsoberhaupt einer Republik',3,291),(414,'Vorsitzender eines Gremiums, einer Organisation oder ihrer Einrichtungen',3,291),(415,'Aufgabe, in Form einer Frage oder auch in graphischer Form, die durch Raten und Nachdenken zu lösen ist',3,292),(416,'unpersönlich: etwas heißen, etwas bezeichnen',3,293),(417,' für jemanden einen bestimmten Wert haben',3,293),(418,'to have as its sense or signification; signify: ',4,294),(419,'veraltend: jemandem eine Andeutung machen, etwas zu tun',3,293),(420,'turn of the tide',3,295),(421,'regelmäßig wechselndes Steigen und Fallen der Weltmeere',3,296),(422,'genau betrachten, überwachen',3,297),(423,'Ziel, das mit einer Handlung, mit einem Vorgang oder mit einer sonstigen Maßnahme erreicht werden soll; Funktion, der etwas dienen soll',3,298),(424,'Tabak oder andere Rauschmittel über die Nasenschleimhaut konsumieren',3,299),(425,'to draw air through the nose in short, audible inhalations. ',4,300),(426,'to perceive by or as by smelling: ',3,300),(427,'to force the breath violently through the nostrils with a loud, harsh sound:',4,301),(429,'Als Geschäftsfeld oder Geschäftsbereich eines Unternehmens oder anderer Organisationen wird      die Art der Tätigkeit (bzw. Tätigkeiten) bezeichnet, die sich bei größeren Bereichen auch in einer entsprechenden Unterteilung eines Unternehmens widerspiegelt.     Diese organisatorischen Sub-Einheiten werden hingegen meist Geschäftsbereich oder im Handel auch Vertriebsschiene genannt.',3,303),(430,'-',4,304),(431,'-',4,305),(432,'-',4,306),(433,'offizielles Sich-Einschreiben; die Handlung des Anmeldens',3,307),(434,'etwas sehr stark ändern',3,308),(435,'-',4,309),(436,'a coil or twist, especially one of many.',4,310),(437,'a function derived from two given functions by integration that expresses how the shape of one is modified by the other.',4,310),(438,'one side of something many-sided, especially of a cut gem.',4,311),(439,'-',1,312),(440,' (Latin: \"desired things\"',4,313),(441,'a tall upright post, spar, or other structure on a ship or boat, in sailing vessels generally carrying a sail or sails.',4,314),(442,'the fruit of beech, oak, chestnut, and other forest trees, especially as food for pigs and wild animals.',4,314),(443,'Gerät zum Aufladen von Akkumulatoren',3,315),(444,'-',4,316),(445,'Zoologie: ein Haustier, Nutztier und Reittier, das Hauspferd',3,317),(446,'Zoologie: Tier aus der Familie (equidae) bzw. der Gattung der Pferde (equus)',3,317),(447,'-',4,318),(448,'-',2,319),(449,'denoting a thing or person previously mentioned.',4,320),(450,'-',4,321),(451,'bold and without shame.',4,322),(452,'endure an embarrassing or difficult situation by behaving with apparent confidence and lack of shame.',4,322),(453,'-',4,323),(454,'kleines Mädchen: weibliches Kind',3,325),(455,'junges Mädchen: junge Frau',3,325),(456,'-',3,326),(457,'-',4,327),(458,'-',3,328),(459,'-',4,329),(460,'a long, thin line or mark of a different substance or color from its surroundings.',4,330),(461,'jemand, der sich besonders mutig oder erfolgreich für andere oder für eine Sache einsetzt oder bei einem Einsatz umkommt',3,331),(462,'-',4,332),(463,'-',2,333),(464,' Nahrungsmittel, Zoologie: eine von weiblichen Säugetieren produzierte Nährflüssigkeit für Neugeborene, kann von verschiedenen Tieren auch als Lebensmittel durch Melken gewonnen werden',3,334),(465,'heranwachsender Mensch, aber noch kein Jugendlicher',3,335),(466,'allgemein: aktive Unterstützung',3,336),(467,'Personenkraftwagen (abgekürzt Pkw oder PKW), in der Schweiz Personenwagen (PW), sind mehrspurige Fahrzeuge mit eigenem Antrieb zum vorwiegenden Zwecke der Personenbeförderung. Im Alltag werden sie auch Auto (kurz für Automobil) bzw. technisch Kraftwagen genannt, obwohl zu den Automobilen streng genommen auch Lastkraftwagen (Lkw) und Busse gehören.',3,337),(469,' das Nachstellen, zum Beispiel um etwas zu beobachten, einzuholen oder zu ergreifen',3,339),(470,'konsequentes Bemühen, etwas zu erreichen',3,339),(471,'-',3,338),(472,'-',4,340),(473,'etwas eilt und kann nicht aufgeschoben werden',3,341),(474,'das Beginnen von etwas',3,342),(475,' Empfang, Unterbringung, Beherbergung von Menschen in einem Gebäude',3,342),(476,' Erhöhung der Einwohnerzahl durch das Hinzukommen von Ortsfremden, Ausländern',3,343),(477,'act of flowing in. ',4,344),(478,'von etwas entfernt, nicht zugelassen',3,345),(480,'unmöglich, nicht machbar',3,345),(481,'a knitted garment with long sleeves worn over the upper body',4,346),(482,'an animal of a breed of light brown dairy cattle from Jersey.',4,346),(483,'the largest of the Channel Islands; population 91,900 (est. 2009).',4,346),(484,'-',1,347),(485,'-',1,348),(486,'nonetheless; notwithstanding; however; in spite of that: a small but nevertheless important change.',4,349),(487,' Konjunktionaladverb: dient dazu, etwas Weiteres anzufügen',3,350),(488,'-',4,351),(489,'-',4,352),(490,'-',4,353),(491,'-',4,354),(492,'-',4,355),(493,'-',4,356),(494,'-',4,357),(495,' physisch: etwas durch Ausüben einer Gegenkraft an der Bewegung hindern',3,358),(496,' eine Vermutung anstellen',3,358),(497,'ein Unternehmen, das Werke der Literatur, Kunst, Musik oder Wissenschaft vervielfältigt und verbreitet',3,359),(498,'-',4,360),(499,'-',4,361),(500,'an der Vorderseite, am Anfang',3,363),(501,'etwas nach vorne stellen',3,364),(502,' etwas vor etwas anderes stellen',3,364),(503,'miteinander bekanntmachen ',3,364),(504,'nach hier',3,365),(505,'einen Gegenstand von einem an einen anderen Ort bewegen',3,366),(506,'die Tätigkeit des Arbeitens an einer (umfangreichen) Sache',3,367),(507,'(größere) Schöpfung eines Künstlers oder Kreativen',3,367),(508,'Betriebsstätte, an der Produkte industriell hergestellt oder bearbeitet werden',3,367),(509,'-',3,368),(510,'transitiv: eine innige, gefühlsmäßige Zuneigung für jemanden oder etwas empfinden',3,370),(511,'transitiv, reflexiv, poetisch für: Geschlechtsverkehr haben',3,370),(512,'intransitiv: (meist Personen bezogen) starke Zuneigung, Begierde zum Ausdruck bringen, aber ohne die Zielperson zu nennen',3,370),(513,'to have a profoundly tender, passionate affection for (another person). ',4,371),(514,'liebenswürdig, nett',3,372),(515,'jemand, der künftig die Position einer bestimmten Person einnimmt',3,373),(516,'-',4,374),(517,'Kenntnis und Verständnis von Fakten, Wahrheiten und Informationen',3,375),(518,'etwas als richtig, zutreffend bestätigen  (einer fremden Behauptung) Richtigkeit zubilligen',3,376),(519,' (eine eigene Tat) einräumen, eingestehen',3,376),(520,'-',4,377),(521,'etwas zu etwas anderem dazu tun',3,376),(522,'etwas erlauben, zu etwas zustimmen, zu etwas die Zustimmung geben',3,376),(523,'eine Bedingung, die im Vorfeld erfüllt sein muss; etwas was benötigt wird, bevor etwas anderes eintreten kann',3,378),(524,'-',4,379),(525,'-',4,380),(526,'Kenntnisse',3,381),(527,'compliance with standards, rules, or laws.',4,382),(528,'a person who has responsibility for or looks after something.',4,383),(529,'increase rapidly in numbers; multiply.',4,384),(530,'transport or carry to a place.',4,385),(531,'to communicate; impart; make known:',4,385),(532,'-',4,386),(533,'a document, issued by a sovereign or state, outlining the conditions under which a corporation, colony, city, or other corporate body is organized, and defining its rights and privileges. ',4,387),(534,'(often initial capital letter) a document defining the formal organization of a corporate body; constitution: ',4,387),(535,'something new or different introduced: ',4,388),(536,' Einführung von etwas Neuem vor allem in Gesellschaft, Politik, Technik oder Wirtschaft, von dem man sich wesentliche Verbesserungen verspricht',3,389),(537,'Sanierung, Austausch von Teilen',3,390),(538,'Systemwechsel',3,390),(539,'to take upon oneself, as a task, performance, etc.; attempt: ',4,391),(540,'to promise, agree, or obligate oneself (followed by an infinitive): ',4,391),(541,'place, stead',4,392),(542,'to look forward to; regard as likely to happen; anticipate the occurrence or the coming of: ',4,393),(543,'Inhalte vom Server im Netzwerk (zum Beispiel Internet) auf den lokalen Computer übertragen',3,395),(544,' das Hereinlegen einer Person zum Zwecke der Belustigung',3,396),(545,'-',4,397),(546,'-',4,398),(547,'-',4,399),(548,'any impenetrably or unyieldingly hard substance. ',4,400),(549,'utterly unyielding in attitude or opinion in spite of all appeals, urgings, etc. ',4,400),(550,'-',1,401),(551,'to feel or show doubt, indecision, etc.; vacillate: ',4,402),(552,'to appropriate fraudulently to one\'s own use, as money or property entrusted to one\'s care. ',4,403),(553,'to give up, renounce, or resign. ',4,404),(554,'continuing without change; enduring; steadfast: ',4,405),(555,' moralisch falsch, nicht gut; bösartig',3,406),(556,'-',4,407),(557,'schädlich oder gefährlich',3,406),(558,'über Kinder: unartig',3,406),(559,'-',4,408),(560,'ein Interrogativpronomen (Fragepronomen)',3,409),(561,'-',4,410),(562,'bestimmt ein Geschehen, dessen Eintreten zwar wahrscheinlicher gewesen wäre, das sich jedoch trotzdem nicht ereignet hat',3,411),(563,'-',4,412),(564,'-',4,413),(565,'im Verborgenen, ohne das Wissen anderer',3,414),(566,' jemanden von seinen bisherigen Ansichten abbringen und von den eigenen überzeugen',3,415),(567,'mischievousness',3,416),(568,'jemanden auf eine milde Art ein wenig reizen',3,417),(569,'-',4,418),(570,'-',4,419),(571,'absichtlich Schmerzen zufügen, leiden machen',3,420),(572,'-',4,421),(573,' etwas stehlen: etwas aus dem Besitz eines anderen ohne dessen Einverständnis wegnehmen; einen Diebstahl begehen',3,423),(574,'-',4,422),(575,'gefühlsmäßig positiv empfundene Eigenschaft einer Person oder Sache',3,424),(576,'-',4,425),(577,'-',4,426),(578,' sich schreitend, schrittweise fortbewegen ',3,427),(579,'die Nacht vom 24. auf den 25. Dezember; christlicher Feiertag am 25. Dezember, an dem die Geburt von Jesus Christus gefeiert wird; in vielen Staaten ein gesetzlicher Feiertag und Auftakt der Weihnachtsferien; in Deutschland, Österreich und Teilen der Schweiz kommt der 26. Dezember als zweiter staatlicher Feiertag (zweiter Weihnachtstag, zweiter Weihnachtsfeiertag, Stephanstag) dazu',3,428),(580,'Geldbetrag, der für die Mitgliedschaft in einem Verein, die Teilnahme an einer Veranstaltung (z.B. zu einer Tagung) oder dergleichen gezahlt werden muss',3,429),(581,'-',4,430),(582,'-',3,431),(583,'a renewal or recovery of strength, activity, etc. ',4,434),(584,'a drawing or coming together of persons, as for common action, as in a mass meeting: ',4,434),(585,'heftige, starke, zügige Bewegung',3,435),(586,' Verwertung der Nahrung, vor allem durch Magen und Darm; Umsetzung der Nahrung in Lebenskraft',3,436),(587,'a person who has been shipwrecked and stranded in an isolated place.',4,437),(588,' unkontrolliertes Feuer',3,438),(589,'to try to become friendly again with someone after an argument (usually + with ) ',4,439),(590,'to add to, support, or uphold (sometimes followed by up)',4,440),(591,'something made up of an incongruous variety of pieces or parts; hodgepodge: a patchwork of verse forms.',4,441),(592,'needlework in which small pieces of cloth in different designs, colors, or textures are sewn together.',4,441),(593,'-',1,442),(594,'die Verwendung eines Gutes in Menge und Stückzahlen; das Verbrauchte',3,443),(595,'to put off (action, consideration, etc.) to a future time: ',4,444),(596,'to reecho or resound: ',4,445),(597,'to rebound or recoil',4,445),(598,'a command or directive. ',4,446),(599,'an earnest or strongly worded request. ',4,446),(600,'etwas, das zu erledigen ist; Arbeitsauftrag',3,447),(601,' willentliches oder erzwungenes Beenden eines Vorhabens',3,447),(602,'Anzahl von aufbewahrten, gezielt gesammelten Gegenständen',3,448),(603,'interrogativ: zu welchem Ziel, in welche Richtung',3,449),(604,'umgangssprachlich: auf die Toilette',3,449),(605,'eine nicht vorhergesehene Wendung bzw. Gegebenheit; etwas Unerwartetes',3,450),(606,'verlässlich',3,454),(607,'- exercise authority or be in charge,   - exercise authoritative control or power over; \"control the budget\"; \"Command the military forces\"',4,460),(608,'zwischen zwei oder mehreren Möglichkeiten entscheiden können',3,461),(609,'Politik: das Abstimmen darüber, wer bestimmte Ämter oder Gremien besetzen beziehungsweise ausüben darf, auch über einzelne Sachthemen',3,461),(610,'Person, die für andere in bestimmten Angelegenheiten an deren Stelle handelt.',3,462),(611,'-',4,463),(612,'strongly encourage or urge (someone) to do something.',4,464),(613,'a chain or manacle used to restrain a prisoner, typically placed around the ankles.',4,465),(614,'the act of coming into the possession of a right, title, office, etc.: ',4,466),(615,'make a concerted or violent attack on.',4,467),(616,'to force or drive, especially to a course of action: ',4,468),(617,'the action or crime of making a false spoken statement damaging to a person\'s reputation.',4,469),(618,'einem Gegenstand oder Prozess eine Form oder ein Konzept geben',3,470),(619,'Auskunft einer Person oder Organisation für eine andere Person oder Organisation zu einem bestimmten Thema mit dem Ziel, einen Rat zu erteilen',3,471),(620,'-',4,472),(621,'-',4,473),(622,'Weg, der zu seinem Ausgangspunkt zurückführt',3,12),(623,'accept or act in accordance with (a rule, decision, or recommendation).',4,405),(624,'sxxx',3,13),(625,'ein Fach- oder Aufgabengebiet, das von anderen abgegrenzt ist',3,78),(626,'-',4,474),(627,'-',5,475),(628,'-',3,78),(629,'to meddle, especially for the purpose of altering, damaging, or misusing (usually followed by with): ',4,476),(630,'to make changes in something, especially in order to falsify (usually followed by with): ',4,476),(631,'a small, hard, benign growth on the skin, caused by a virus',4,477),(632,'-',1,478),(633,'nur Singular; allgemein: Zeitabschnitt, der zurückliegt',3,479),(634,'Linguistik: Tempus, das anzeigt, dass die Handlung in der Vergangenheit [1] stattgefunden hat',3,479),(635,'-',4,480),(636,'-',4,481),(637,'-',1,482),(638,'a copy exactly like an original. ',4,483),(639,'Christentum: eine Person, die mit der Leitung von Gottesdiensten, der seelsorglichen Betreuung und in der Regel auch der Leitung einer Gemeinde betraut ist',3,484),(640,'etwas machen, tun, arbeiten',3,485),(641,'mit jemandem oder mit etwas Geschäfte machen',3,485),(642,'reflexiv, umgangssprachlich, salopp: sich verlieben',3,486),(643,'preteritum of wissen',3,487),(644,'Kenntnis haben, sich über etwas Wahres sicher sein',3,489),(645,' gefühlsmäßiger Zustand',3,490),(646,'-',4,491),(647,'Konjunktionaladverb: dient dazu, etwas Weiteres anzufügen',3,492),(648,'über, von etwas; über jemanden, von jemandem, über oder von sich etwas wissen',3,493),(649,'intransitiv: Tränen vergießen',3,494),(650,'lay siege to',4,495),(651,'-',1,496),(652,'long bench seat or enclosed box, used for seating members of a congregation or choir in a church or sometimes a courtroom.',4,497),(653,'excessive pride in or admiration of one\'s own appearance or achievements.',4,498),(654,'the quality of being worthless or futile.',4,498),(655,'unter etwas liegender Gegenstand oder Schicht (Schichte) als Schutz, Stärkung oder Höhenausgleich',3,499),(656,'Dokumente und sonstige Beweisstücke, die für einen rechtlichen, verwaltungstechnischen oder ähnlichen Vorgang benötigt werden',3,499),(657,'intransitiv: gültig, verbindlich sein',3,500),(666,' Durchführung einer Aktion, bei der etwas bewegt wird',3,502),(667,'An attempt to cause damage or injury to, or to somehow detract from the worth or credibility of, a person, position, idea, object, or thing, by physical, verbal, emotional, or other assault.',4,503),(668,'a sudden attack, typically a military one.',4,504),(669,'violenta avente come fine ultimo l\'arrecazione volontaria di danno ad uno o più soggetti v',5,505),(670,'Angriff auf jemanden oder etwas',3,502),(671,'Contribution dans le sens de collaboration financière.',6,506),(672,'Collaboration',6,506),(673,'jemandes Anteil an einem bestimmten Werk',3,506),(674,'Veröffentlichung in der Presse oder im Fernsehen',3,506),(675,'Geldbetrag, der für die Mitgliedschaft in einem Verein, die Teilnahme an einer Veranstaltung (z.B. zu einer Tagung) oder dergleichen gezahlt werden muss',3,506),(676,'Geldbetrag, der von dem Versicherten und von seinem Arbeitgeber für die Mitgliedschaft bzw. für die Versicherung bei einem Sozialversicherungsträger gezahlt werden muss; Sozialversicherungsbeiträge (meist Plural)',3,506),(677,'contribution (something given or offered that adds to a larger whole)',4,506),(678,'fee, dues (membership in a club or union)',4,506),(679,'Tomber, chuter.',6,507),(680,'Renverser, basculer.',6,507),(681,'niederstürzen, über den Haufen stürzen',3,507),(682,'eine Regierung stürzen',3,507),(683,'to totter and fall, or to lean as if about to do so',4,507),(684,'to push, throw over, overturn or overthrow something',4,507),(685,'Ablehnung von etwas Erwünschtem',3,508),(686,'refusal',4,508),(687,'denial',4,508),(688,'a visible trail left in the sky by an aircraft and believed by some to consist of chemical or biological agents released as part of a covert operation.',4,509),(689,'Stérile.',6,511),(690,'Aride.',6,511),(691,'An area of low fertility and habitation, a desolate place.',4,511),(692,'not productive',4,511),(693,'bleak',4,511),(694,'unable to bear children; sterile',4,511),(695,'deep',4,511),(696,'of poor fertility, infertile',4,511),(697,'En joue',6,512),(698,'Affiche',6,512),(699,'Frappe, toucher',6,512),(700,'Attentat',6,512),(701,'Angriff auf jemanden oder etwas',3,512),(702,'Bekanntmachung, Notiz, die irgendwo angeschlagen ist',3,512),(703,'Art und Weise, wie eine Schusswaffe beim Zielen gehalten wird',3,512),(704,'Durchführung einer Aktion, bei der etwas bewegt wird',3,512),(705,'attempt, attack',4,512),(706,'En joue',6,513),(707,'Affiche',6,513),(708,'Frappe, toucher',6,513),(709,'Attentat',6,513),(710,'Angriff auf jemanden oder etwas',3,513),(711,'Bekanntmachung, Notiz, die irgendwo angeschlagen ist',3,513),(712,'Art und Weise, wie eine Schusswaffe beim Zielen gehalten wird',3,513),(713,'Durchführung einer Aktion, bei der etwas bewegt wird',3,513),(714,'attempt, attack',4,513),(715,'En joue',6,514),(716,'Affiche',6,514),(717,'Frappe, toucher',6,514),(718,'Attentat',6,514),(719,'Angriff auf jemanden oder etwas',3,514),(720,'Bekanntmachung, Notiz, die irgendwo angeschlagen ist',3,514),(721,'Art und Weise, wie eine Schusswaffe beim Zielen gehalten wird',3,514),(722,'Durchführung einer Aktion, bei der etwas bewegt wird',3,514),(723,'attempt, attack',4,514),(724,'The ratio of winnings to stake in betting situations.',4,515),(725,'The ratio of the probabilities of an event happening to that of it not happening.',4,515),(726,'In disagreement; in conflict:',4,516),(727,'Prospérer.',6,518),(728,'To increase in wealth or success; to prosper, be profitable.',4,518),(729,'To grow or increase stature; to grow vigorously or luxuriantly, to flourish.',4,518),(730,'twelve',4,519),(731,'Стари Завјет',1,520),(732,'наречие в настоящее время ',2,521),(733,'Официально назначаемое лицо для попечения о ком-н..',2,522),(734,'impair the appearance of; disfigure.',4,523),(735,'-',4,524),(736,'человек, состязающийся с кем-либо, противостоящий кому-либо',2,525),(737,'rival, adversary (opponent)',4,525),(738,'antagonist',4,525),(739,'a dangerous, difficult, or otherwise unfortunate situation.',4,526),(740,'pledge or promise solemnly (one\'s faith or loyalty).',4,526),(741,'assert something as a position in an argument.',4,527),(742,'struggle to surmount (a difficulty or danger).',4,527),(743,'Настойчиво говорить, доказывая что-н..',2,528),(744,'a heavy blow or punch',4,529),(745,'alcoholic drink, especially beer.',4,529),(746,'of, relating to, or denoting wine of high quality.',4,530),(747,'the year or place in which wine, especially wine of high quality, was produced.',4,530),(748,'a sudden attack or incursion into enemy territory, especially to obtain something; a raid.',4,531),(749,'a distinguishing quality or characteristic, typically one belonging to a person.',4,532),(750,'du mischt ein',3,533),(751,' interference',4,533),(752,' das Zurückkommen von einem (entfernten) Aufenthalt in die gewohnte Gegend, nach Hause, eine erneute Ankunft in der Heimat',3,534),(753,'родина, отечество, отчизна',2,535),(754,'Patrie, pays d’origine',6,535),(755,'Ort, Gegend oder Land, wo jemand aufgewachsen ist, wo man sich wohl fühlt',3,535),(756,'Ort, Gegend oder Land, woher etwas stammt, wo etwas seinen Ursprung hat',3,535),(757,'native country',4,535),(758,'home town, home village',4,535),(759,'home, homeland',4,535),(760,'mit Mauerwerk von unten absichern, abstützen',3,536),(761,'a body of experts providing advice and ideas on specific political or economic problems',4,537),(762,'korrigieren',3,538),(763,'Fluctuer.',6,539),(764,'To cause to vary irregularly.',4,539),(765,'To vary irregularly; to swing.',4,539),(766,'To undulate.',4,539),(767,'rise and fall irregularly in number or amount.',4,539),(768,'the act of employing, using, or putting into service: the use of tools.',4,203),(769,'a person or thing that comes before another of the same kind; a forerunner.',4,540),(770,'a person or thing that precedes the coming or development of someone or something else.',4,541),(771,'a strong desire or impulse.',4,542),(773,'try earnestly or persistently to persuade (someone) to do something.',4,542),(774,'ein schwer beherrschbarer Antrieb, ein heftiges Streben (stärker als „Lust zu etwas“, schwächer als „Trieb“)',3,543),(775,'Sur le dos ou sur les épaules.',6,544),(776,'Par ferroutage.',6,544),(778,'Englobé par quelque chose.',6,544),(779,'Qui est englobé par quelque chose.',6,544),(780,'On somebody\'s back or shoulders.',4,544),(781,'Utilizing last mile wiring (not wireless slang) rented from a larger owner ISP by a smaller ISP, last milers are obligated to sell to competitors in places like Canada.',4,544),(782,'To attach or append something to another (usually larger) object or event.',4,544),(783,'To obtain a wireless internet connection by bringing one\'s own computer within the range of another\'s wireless connection without that subscriber\'s permission or knowledge.',4,544),(784,'to use, appropriate, or exploit the availability, services, or facilities of another: ',4,544),(785,'To achieve the previously specified goal. ',4,545),(786,'showing spontaneous and undirected playfulness',4,546),(787,'a thickness of some material laid on or spread over a surface: ',4,547),(788,'a person whose profession is to represent clients in a court of law or to advise or act for clients in other legal matters. ',4,548),(789,'Développement musical, ou littéraire, de la musique liturgique médiévale.',6,550),(790,'Figure de style, emploi d’une expression dans un sens figuré.',6,550),(791,'A figure of speech in which words or phrases are used with a nonliteral or figurative meaning, such as a metaphor.',4,550),(792,'trope',4,550),(793,'A phrase or verse added to the mass when sung by a choir.',4,550),(794,'Something recurring across a genre or type of literature, such as the ‘mad scientist’ of horror movies or ‘once upon a time’ as an introduction to fairy tales. Similar to archetype and cliché but not necessarily pejorative.',4,550),(795,'To use, or embellish something with a trope.',4,550),(796,'A short cadence at the end of the melody in some early music.',4,550),(797,'A cantillation.',4,550),(798,'-',4,551),(799,'that is to say; explicitly; specifically; to wit: ',4,552),(800,'to cause something; to instigate something. ',4,553),(801,'Jouer, représenter.',6,554),(802,'to make (a bill) into law',4,554),(803,'to do; to effect',4,554),(804,'to act the part of; to play',4,554),(805,'to burn unsteadily; shine with a wavering light',4,555),(806,'to consider or regard in a specified way, and deal with accordingly: ',4,556),(807,'a special or distinctive mark, token, or device worn as a sign of allegiance,',4,557),(808,'any emblem, token, or distinctive mark: ',4,557),(809,'dark, gloomy, and cheerless. ',4,558),(810,'to admit to be real or true; recognize the existence, truth, or fact of: ',4,559),(812,'Manifested throughout; pervading, permeating, penetrating or affecting everything.',4,560),(813,'spread throughout: ',4,560),(814,'to spered, to penetrate,  to thrill',4,561),(815,'eine Beanspruchung, die Schaden verursachen kann',3,562),(816,'übertragen: finanzielle Anforderung, Auflage',3,562),(817,'load, weight, pressure, strain',4,562),(818,'burden',4,562),(819,'за (не против), в пользу',2,563),(820,'за это (за то, за него, за неё, за них)',2,563),(821,'для этого',2,563),(822,'зато, взамен, вместо',2,563),(823,'Präpositionaladverb (Pronominaladverb): zu diesem Zweck',3,563),(824,'Präpositionaladverb (Pronominaladverb): als Folge (Lohn oder auch Strafe) für etwas',3,563),(825,'Präpositionaladverb (Pronominaladverb): für eine Sache (die man unterstützen, fördern möchte)',3,563),(826,'for it, for that, therefore',4,563),(827,'Négocier.',6,564),(828,'second-person plural present subjunctive of mediare',4,564),(829,'быть посредником (между конфликтующими сторонами)',2,564),(830,'улаживать разногласия конфликтующих сторон',2,564),(831,'to intervene between conflicting parties in order to resolve differences or bring about a settlement',4,564),(832,'acting through a mediating agency',4,564),(834,'intermediate between extremes',4,564),(838,'connected indirectly through another person or thing; involving an intermediate agency.',4,564),(839,'eine Verbindung herstellen, speziell: Angebot und Nachfrage zusammenführen, mit dem Ziel, damit ein Problem zu lösen',3,565),(840,' jemandem etwas so erklären, dass er es besser begreifen kann',3,565),(841,' etwas oder jemanden mit dem Verstand erfassen',3,566),(842,'From now on; from this time on.',4,567),(843,'a sum of money paid to a patentee for the use of a patent or to an author or composer for each copy of a book sold or for each public performance of a work.',4,568),(844,'to remain or stay on in a place longer than is usual or expected, as if from',4,569),(845,'to dwell in contemplation, thought, or enjoyment: ',4,569),(846,'Multiple#* Er ist mehrfacher Vater.',6,570),(847,'falsch, umgangssprachlich: mehrmals, zweimal, dreimal, viermal ...',3,570),(848,'auf verschiedene Weise',3,570),(849,'doppelt, dreifach, vierfach ...',3,570),(850,'several, multiple',4,570),(851,'En outre, à part, hormis, sauf.',6,571),(852,'moreover; furthermore',4,571),(853,'other than; except for; instead of',4,571),(855,'otherwise; else',4,571),(856,'also; in addition',4,571),(857,'delay or prevent (someone or something) by obstructing them; hinder.',3,572),(858,'stören, an etwas hindern, von etwas abhalten',3,573),(859,' \"to remove (from)\", \"take (from)\" (quadro) \"to take down (from)\" (foglio, pagina) \"to tear out (of)\", \"remove (from\") to detouch',5,574),(860,'eine Arbeitsstelle, Job, nichtselbständiges Arbeitsverhältnis',3,575),(861,'an act or instance of employing someone or something. ',4,576),(862,' ein Vertrag zwischen Arbeitnehmer und Arbeitgeber, der (außer-)tarifliche Abmachungen, im rechtlichen Rahmen, schriftlich festhält',3,577),(863,' nicht ohne etwas oder jemanden zurechtkommend',3,578),(864,'contingent on or determined by.',4,579),(865,'a state of prolonged mutual hostility, typically between two families or communities, characterized by violent assaults in revenge for previous injuries.',4,580),(866,'If an event is due to something, it happens or exists as a direct result of it.',4,581),(867,'Due to is sometimes used to introduce the reason for an undesirable situation.',4,581),(868,'Postposition mit Genitiv: Bezeichnung des Grundes',3,80),(869,'To fight, especially with the fists. ',4,583),(870,'to argue heavily or at length.  ',4,583),(871,'участок, сектор (организационная единица)',2,584),(872,'период, отрезок (времени)',2,584),(873,'Mathematik: ein Teil der Kreisscheibe',3,584),(874,'отрезок, участок, место',2,584),(875,'ein Teil eines Geländes',3,584),(876,'das Abgeschnittene, Abgetrennte',3,584),(877,'отрубок дерева, кряж, колода',2,584),(878,'section (cutting)',4,584),(879,'ein Teil eines Textes',3,584),(880,'Kupon, Abriss einer Eintrittskarte oder eines Gutscheins',3,584),(881,'paragraph',4,584),(882,'раздел, глава (книги, журнала, документа)',2,584),(883,'Passage (d’un texte).',6,584),(884,'Teil der Zeit',3,584),(885,'боевая часть, служба (подразделение на корабле)',2,584),(886,'сегмент',2,584),(887,'Partie, section (d’un texte, de temps, de lieu).',6,584),(888,'Morceau, partie.',6,584),(889,'segment',4,584),(890,'ohne Hilfe anderer (auskommend)',3,585),(891,' keine Steigerung: unternehmerisch oder freiberuflich tätig',3,585),(892,'существующий или действующий отдельно, независимо от других',2,586),(893,'umgangssprachlich, (unjuristischer Sprachgebrauch): jemand, der eine bestimmte Sache besitzt',3,587),(894,' Wirtschaft: der Eigentümer bzw. Miteigentümer einer Gesellschaft',3,588),(895,'Someone who is associated with another in a common activity or interest. ',4,589),(896,'in einem freien Beruf tätige Person',3,590),(897,'cooperatore, compagno, collaboratore, partner',5,591),(898,'Someone who sells his services to employers without a long-term contract.',4,592),(899,'Die Begriffe Körperschaft, Gesellschaft, juristische Person und Verein werden oft synonym oder in engem Zusammenhang verwendet, bezeichnen jedoch unterschiedliche Personenmehrheiten mit jeweils charakteristischer Rechtsform.',3,593),(900,'extremely distasteful; unacceptable.',4,594),(901,'in conflict with; incompatible with.',4,594),(902,'-',1,596),(903,' procession of motor vehicles, typically carrying and escorting a prominent person',4,597),(904,' das Anwesendsein, das Verweilen',3,598),(905,'behördlich erteilte Berechtigung, für eine befristete (kurze) Zeit im Land bleiben zu dürfen',3,599),(906,'a medicine or other remedy for counteracting the effects of poison, disease, etc. ',4,600),(907,'the total number of something',3,601),(908,'Botanik: ein meist grünes, flächiges Organ von Pflanzen',3,602),(909,' umgangssprachlich: hoher Nadelbaum einer immergrünen Gattung (Abies) der ',3,603),(910,'die Eigenschaft höherer Lebewesen, männlich oder weiblich zu sein',3,604),(911,'Familienstand',3,605),(912,'Angehörigkeit einer Person zu einem Staat',3,606),(913,' the identity card',4,607),(914,'zur Schau stellen',3,608),(915,'Bescheinigung etc. ausfertigen',3,608),(916,'verweist auf ein räumlich entfernteres Objekt beziehungsweise auf das räumlich',3,609),(917,'verweist auf etwas bereits Erwähntes oder als bekannt Vorausgesetztes',3,609),(918,'Gesamtheit aller Studierenden eines Studienfaches',3,610),(919,'Cadre.',6,611),(920,'Einfassung eines Bildes',3,611),(921,'Grenzen erwarteten oder erlaubten Handelns',3,611),(922,'Fenster- oder Türeinfassung',3,611),(923,'übergeordnete Aktivität, thematischer Zusammenhang',3,611),(924,'stabilisierendes Gerüst, zum Beispiel eines Fahrzeugs oder Gerätes',3,611),(925,'umschließende Einheit in einer Rahmenerzählung, die mehrere Binnengeschichten umfasst',3,611),(926,'frame',4,611),(927,'reflexiv, mit Präpositionalobjekt: im Gedächtnis behalten haben',3,612),(928,' referenziert einen Gegenstand und bezeichnet die unmittelbare Berührung mit diesem',3,613),(929,'referenziert einen Umstand, Zustand, Handlung oder Ereignis, meist in Bezug mit einer geistigen Tätigkeit',3,613),(930,'ключ',2,614),(931,'Ergot',6,614),(932,'Clé.',6,614),(933,'Gegenstand zum Öffnen und Schließen eines Schlosses',3,614),(934,'short for Schraubenschlüssel (spanner, wrench)',4,614),(935,'key',4,614),(936,'clef',4,614),(937,'meist in Geld ausgedrücktes materielles Äquivalent einer Sache, einer Dienstleistung oder einer Information',3,615),(938,'jemandem etwas borgen',3,616),(939,'to loan to borrow',4,616),(940,'abschließbares Fach bei der Bahn, Post oder bei einer Bank oder dergleichen zur sicheren Aufbewahrung von Dokumenten, Geld, Gepäck oder Wertgegenständen',3,617),(941,'A locker is a small, usually narrow storage compartment. They are commonly found in dedicated cabinets, very often in large numbers,',4,618),(942,'das Fälligsein',3,619);
/*!40000 ALTER TABLE `meaning` ENABLE KEYS */;
UNLOCK TABLES;

--
-- Table structure for table `meaning_wordtype`
--

DROP TABLE IF EXISTS `meaning_wordtype`;
/*!40101 SET @saved_cs_client     = @@character_set_client */;
/*!40101 SET character_set_client = utf8 */;
CREATE TABLE `meaning_wordtype` (
  `meaning_id` bigint(20) NOT NULL,
  `wordtype_id` bigint(20) NOT NULL,
  PRIMARY KEY (`meaning_id`,`wordtype_id`),
  KEY `fk_meaning_wordtype_wordtype` (`wordtype_id`),
  CONSTRAINT `fk_meaning_wordtype_meaning` FOREIGN KEY (`meaning_id`) REFERENCES `meaning` (`id`),
  CONSTRAINT `fk_meaning_wordtype_wordtype` FOREIGN KEY (`wordtype_id`) REFERENCES `wordtype` (`id`)
) ENGINE=InnoDB DEFAULT CHARSET=utf8;
/*!40101 SET character_set_client = @saved_cs_client */;

--
-- Dumping data for table `meaning_wordtype`
--

LOCK TABLES `meaning_wordtype` WRITE;
/*!40000 ALTER TABLE `meaning_wordtype` DISABLE KEYS */;
INSERT INTO `meaning_wordtype` VALUES (346,1),(359,1),(364,1),(369,1),(398,1),(400,1),(402,1),(408,1),(409,1),(411,1),(436,1),(438,1),(441,1),(444,1),(460,1),(477,1),(481,1),(482,1),(483,1),(484,1),(498,1),(516,1),(524,1),(525,1),(527,1),(528,1),(533,1),(534,1),(535,1),(541,1),(545,1),(548,1),(583,1),(593,1),(598,1),(599,1),(613,1),(614,1),(617,1),(628,1),(631,1),(632,1),(638,1),(646,1),(652,1),(653,1),(654,1),(667,1),(668,1),(688,1),(739,1),(740,1),(744,1),(745,1),(747,1),(748,1),(749,1),(761,1),(768,1),(769,1),(770,1),(771,1),(787,1),(788,1),(807,1),(808,1),(809,1),(843,1),(861,1),(865,1),(895,1),(897,1),(898,1),(903,1),(906,1),(941,1),(348,2),(349,2),(354,2),(355,2),(360,2),(365,2),(370,2),(375,2),(376,2),(399,2),(412,2),(413,2),(414,2),(420,2),(423,2),(429,2),(461,2),(476,2),(497,2),(515,2),(544,2),(580,2),(585,2),(588,2),(594,2),(610,2),(622,2),(625,2),(639,2),(774,2),(862,2),(893,2),(894,2),(896,2),(904,2),(909,2),(911,2),(913,2),(937,2),(341,3),(357,3),(358,3),(362,3),(366,3),(368,3),(371,3),(373,3),(386,3),(389,3),(395,3),(421,3),(433,3),(464,3),(466,3),(469,3),(474,3),(475,3),(523,3),(526,3),(536,3),(537,3),(538,3),(567,3),(579,3),(586,3),(600,3),(601,3),(602,3),(605,3),(608,3),(619,3),(624,3),(628,3),(633,3),(655,3),(656,3),(860,3),(907,3),(912,3),(918,3),(942,3),(404,4),(415,4),(429,4),(443,4),(445,4),(454,4),(455,4),(465,4),(506,4),(508,4),(625,4),(645,4),(908,4),(910,4),(940,4),(394,5),(486,5),(487,5),(500,5),(504,5),(604,5),(647,5),(799,5),(928,5),(929,5),(347,6),(391,6),(392,6),(393,6),(450,6),(471,6),(472,6),(486,6),(487,6),(490,6),(491,6),(492,6),(493,6),(494,6),(647,6),(732,6),(378,7),(380,7),(381,7),(382,7),(383,7),(390,7),(416,7),(417,7),(418,7),(422,7),(424,7),(425,7),(427,7),(434,7),(478,7),(495,7),(496,7),(501,7),(502,7),(505,7),(509,7),(510,7),(511,7),(513,7),(518,7),(520,7),(521,7),(529,7),(530,7),(532,7),(539,7),(540,7),(542,7),(551,7),(552,7),(566,7),(568,7),(569,7),(570,7),(571,7),(578,7),(595,7),(596,7),(612,7),(615,7),(616,7),(617,7),(618,7),(629,7),(630,7),(641,7),(642,7),(643,7),(644,7),(648,7),(649,7),(651,7),(657,7),(669,7),(734,7),(735,7),(741,7),(742,7),(743,7),(762,7),(773,7),(784,7),(806,7),(810,7),(814,7),(839,7),(840,7),(841,7),(844,7),(845,7),(857,7),(858,7),(859,7),(869,7),(914,7),(927,7),(938,7),(396,8),(397,8),(405,8),(406,8),(407,8),(449,8),(451,8),(452,8),(453,8),(473,8),(480,8),(514,8),(549,8),(550,8),(554,8),(555,8),(556,8),(557,8),(559,8),(565,8),(575,8),(576,8),(577,8),(582,8),(636,8),(650,8),(746,8),(786,8),(813,8),(838,8),(863,8),(864,8),(890,8),(891,8),(892,8),(900,8),(560,9),(916,9),(917,9),(562,10),(563,10),(564,10),(866,10),(867,10),(798,11),(800,11),(899,11);
/*!40000 ALTER TABLE `meaning_wordtype` ENABLE KEYS */;
UNLOCK TABLES;

--
-- Table structure for table `meaning_wordusage`
--

DROP TABLE IF EXISTS `meaning_wordusage`;
/*!40101 SET @saved_cs_client     = @@character_set_client */;
/*!40101 SET character_set_client = utf8 */;
CREATE TABLE `meaning_wordusage` (
  `meaning_id` bigint(20) NOT NULL,
  `wordusage_id` bigint(20) NOT NULL,
  PRIMARY KEY (`meaning_id`,`wordusage_id`),
  KEY `fk_meaning_wordusage_wordusage` (`wordusage_id`),
  CONSTRAINT `fk_meaning_wordusage_meaning` FOREIGN KEY (`meaning_id`) REFERENCES `meaning` (`id`),
  CONSTRAINT `fk_meaning_wordusage_wordusage` FOREIGN KEY (`wordusage_id`) REFERENCES `wordusage` (`id`)
) ENGINE=InnoDB DEFAULT CHARSET=utf8;
/*!40101 SET character_set_client = @saved_cs_client */;

--
-- Dumping data for table `meaning_wordusage`
--

LOCK TABLES `meaning_wordusage` WRITE;
/*!40000 ALTER TABLE `meaning_wordusage` DISABLE KEYS */;
INSERT INTO `meaning_wordusage` VALUES (308,2),(308,3),(412,4),(413,5),(414,6),(415,7),(415,8),(413,9),(415,10),(417,11),(417,12),(419,13),(417,14),(417,15),(420,16),(421,17),(422,18),(423,19),(423,20),(424,21),(424,22),(426,23),(427,24),(429,25),(433,26),(434,27),(438,28),(438,29),(441,30),(443,31),(449,32),(451,33),(452,34),(451,35),(455,36),(454,37),(455,38),(454,39),(460,40),(461,41),(461,42),(461,43),(464,44),(464,45),(464,46),(464,47),(465,48),(465,49),(465,50),(466,51),(469,52),(470,53),(470,54),(226,55),(225,56),(226,57),(473,58),(473,59),(474,60),(475,61),(476,62),(476,63),(478,64),(478,65),(480,66),(481,67),(481,68),(481,69),(486,70),(486,71),(486,72),(487,73),(495,74),(496,75),(497,76),(43,77),(81,78),(81,79),(83,80),(500,81),(500,82),(503,83),(503,84),(501,85),(501,86),(504,87),(504,88),(505,89),(505,90),(508,91),(510,92),(510,93),(511,94),(512,95),(514,96),(514,97),(514,98),(515,99),(517,100),(517,101),(518,102),(518,103),(519,104),(518,105),(521,106),(522,107),(523,108),(526,109),(527,110),(528,111),(529,112),(529,113),(530,114),(531,115),(530,116),(534,117),(535,118),(536,119),(537,120),(538,121),(539,122),(540,123),(539,124),(541,125),(542,126),(543,127),(543,128),(543,129),(543,130),(544,131),(544,132),(544,133),(544,134),(549,135),(549,136),(551,137),(551,138),(552,139),(553,140),(554,141),(555,142),(555,143),(557,144),(558,145),(560,146),(562,147),(562,148),(562,149),(565,150),(566,151),(566,152),(566,153),(568,154),(568,155),(571,156),(573,157),(573,158),(575,159),(578,160),(578,161),(579,162),(579,163),(580,164),(580,165),(584,166),(585,167),(587,168),(588,169),(588,170),(588,171),(588,172),(589,173),(590,174),(591,175),(594,176),(594,177),(594,178),(595,179),(596,180),(599,181),(600,182),(601,183),(603,184),(603,185),(604,186),(607,187),(608,188),(609,189),(610,190),(610,191),(612,192),(614,193),(615,194),(616,195),(616,196),(617,197),(617,198),(618,199),(619,200),(622,201),(39,202),(623,203),(138,204),(61,205),(62,206),(629,207),(630,208),(631,209),(633,210),(633,211),(634,212),(639,213),(639,214),(640,215),(641,216),(642,217),(644,218),(644,219),(644,220),(645,221),(647,222),(648,223),(649,224),(649,225),(650,226),(652,227),(653,228),(654,229),(70,230),(69,231),(655,232),(655,233),(656,234),(657,235),(657,236),(666,238),(666,239),(667,241),(668,242),(669,243),(688,244),(689,245),(690,246),(691,247),(694,248),(697,249),(698,250),(699,251),(700,252),(706,253),(707,254),(708,255),(709,256),(715,257),(716,258),(717,259),(718,260),(725,261),(726,262),(728,263),(729,264),(730,265),(732,266),(734,267),(736,268),(739,269),(740,270),(741,271),(742,272),(743,273),(744,274),(745,275),(744,276),(746,277),(747,278),(748,279),(748,280),(749,281),(752,282),(754,283),(760,284),(761,285),(762,286),(767,287),(768,288),(769,289),(770,290),(771,291),(773,292),(774,293),(775,294),(776,295),(778,297),(779,298),(780,299),(780,300),(784,301),(786,302),(789,303),(790,304),(791,305),(798,306),(799,307),(800,308),(802,309),(804,310),(805,311),(806,312),(807,313),(808,314),(809,315),(529,316),(263,317),(810,318),(810,319),(812,320),(813,321),(818,322),(838,323),(840,324),(841,325),(842,326),(842,327),(843,328),(844,329),(845,330),(846,331),(853,332),(856,333),(856,334),(857,335),(857,336),(859,337),(859,338),(859,339),(860,340),(860,341),(862,342),(863,343),(865,344),(866,345),(866,346),(867,347),(868,348),(868,349),(869,350),(869,351),(883,352),(887,353),(890,354),(891,355),(892,356),(893,357),(894,358),(894,359),(897,360),(900,361),(901,362),(903,363),(904,364),(905,365),(116,366),(907,367),(908,368),(908,369),(909,370),(909,371),(910,372),(912,373),(916,374),(917,375),(918,376),(924,377),(920,378),(923,379),(927,380),(927,381),(928,382),(929,383),(931,384),(932,385),(937,386),(938,387),(938,388),(940,389),(942,390);
/*!40000 ALTER TABLE `meaning_wordusage` ENABLE KEYS */;
UNLOCK TABLES;

--
-- Table structure for table `word`
--

DROP TABLE IF EXISTS `word`;
/*!40101 SET @saved_cs_client     = @@character_set_client */;
/*!40101 SET character_set_client = utf8 */;
CREATE TABLE `word` (
  `id` bigint(20) NOT NULL AUTO_INCREMENT,
  `content` varchar(100) DEFAULT NULL,
  `time_creation` datetime NOT NULL,
  `language_id` bigint(20) NOT NULL,
  PRIMARY KEY (`id`),
  KEY `fk_word_language` (`language_id`),
  CONSTRAINT `fk_word_language` FOREIGN KEY (`language_id`) REFERENCES `language` (`id`)
) ENGINE=InnoDB AUTO_INCREMENT=620 DEFAULT CHARSET=utf8;
/*!40101 SET character_set_client = @saved_cs_client */;

--
-- Dumping data for table `word`
--

LOCK TABLES `word` WRITE;
/*!40000 ALTER TABLE `word` DISABLE KEYS */;
INSERT INTO `word` VALUES (3,'eigentlich','2015-10-14 21:01:01',3),(4,'actual','2015-10-14 21:01:01',4),(5,'preisvorteile','2015-10-10 00:00:00',3),(6,'nicht','2015-12-16 11:44:04',3),(9,'aussprache','2015-11-06 19:55:24',3),(10,'pronunciation','2015-11-06 20:14:06',4),(11,'exhibit','2015-11-09 21:06:07',4),(12,'Rundgang','2015-11-10 06:04:17',3),(13,'Bewegung','2015-11-11 23:50:53',3),(14,'vorsichtig','2015-11-12 15:52:55',3),(15,'careful','2015-11-12 16:01:06',4),(16,'cautious','2015-11-12 16:05:46',4),(17,'wary','2015-11-12 16:06:06',4),(18,'prudent','2015-11-12 16:06:18',4),(19,'carefully','2015-11-12 16:06:54',4),(20,'bieten','2015-11-12 16:12:57',3),(21,'provide','2015-11-12 16:34:11',4),(22,'bid','2015-11-12 16:38:31',4),(23,'reichen','2015-11-12 16:50:07',3),(24,'Ausflüge','2015-11-12 17:09:39',3),(25,'Reiseveranstalter','2015-11-12 17:22:11',3),(26,'Gürtel','2015-11-12 17:43:04',3),(27,'liegen','2015-11-12 17:45:50',3),(28,'spawn','2015-11-12 23:29:24',4),(29,'scrutinize','2015-11-13 00:16:40',4),(31,'hallow','2015-11-13 00:57:35',4),(32,'errichten','2015-11-13 01:01:57',3),(33,'Grenzzaun','2015-11-13 01:05:51',3),(34,'Sparmaßnahme','2015-11-13 01:14:23',3),(35,'austerity measure','2015-11-13 01:18:21',4),(36,'cost-cutting measure','2015-11-13 01:20:53',4),(37,'dicht­ma­chen','2015-11-13 01:35:17',3),(38,'schließen','2015-11-13 01:38:14',3),(39,' Aufladegerät','2015-11-13 14:37:09',3),(41,'backlash','2015-11-13 15:13:18',4),(42,'sidenote','2015-11-13 15:44:01',4),(43,'Führung','2015-11-13 20:54:15',3),(44,'Unterstützung','2015-11-14 14:48:41',3),(45,'Sinne','2015-11-14 14:50:40',3),(47,'mindestens ','2015-11-14 15:19:10',3),(48,'verletzt','2015-11-14 15:23:32',3),(49,'schuld','2015-11-14 15:28:32',3),(50,'meist','2015-11-14 15:33:19',3),(51,'töten','2015-11-14 15:43:59',3),(52,'Militz','2015-11-14 15:51:01',3),(53,'Ausnahme','2015-11-14 15:55:35',3),(54,'Ausnahmezustand','2015-11-14 15:57:20',3),(55,'Verantwortung','2015-11-14 16:18:09',3),(56,'Zeuge','2015-11-14 16:25:51',3),(57,'bestätigen','2015-11-14 16:27:35',3),(58,' übernehmen','2015-11-14 16:33:06',3),(59,'Beweis','2015-11-14 16:56:00',3),(60,'Jura','2015-11-14 16:57:48',3),(61,'Unfall','2015-11-14 17:05:13',3),(62,'Vorfall','2015-11-14 17:08:35',3),(63,'Erlebnis','2015-11-14 17:13:25',3),(64,'Rede','2015-11-14 17:21:01',3),(65,'trauern','2015-11-14 17:26:24',3),(66,'Verfassung','2015-11-14 17:34:06',3),(67,'Verfassungsschutz','2015-11-14 17:37:42',3),(68,'Einwanderung','2015-11-14 18:35:15',3),(69,'obliterate','2015-11-14 18:56:40',4),(70,'fordern','2015-11-14 19:02:52',3),(71,'Wechsel','2015-11-14 19:06:07',3),(72,'Angriff','2015-11-14 19:08:04',3),(73,'Gegner','2015-11-14 19:19:00',3),(74,'zeihen','2015-11-14 19:22:34',3),(75,'ziehen','2015-11-14 22:23:07',3),(76,'Grauzone','2015-11-14 22:33:40',3),(78,'Bereich','2015-11-14 22:37:15',3),(79,'Aufgabengebiet','2015-11-14 22:40:33',3),(80,'wegen','2015-11-14 22:42:58',3),(81,'trotz','2015-11-14 22:45:23',3),(82,'Mitarbeiter','2015-11-14 22:50:15',3),(83,'Behörde','2015-11-14 22:52:49',3),(85,'greifen','2015-11-14 22:59:35',3),(86,'angreifen','2015-11-14 23:02:23',3),(87,'Feind','2015-11-18 12:40:35',3),(88,'Einschätzung','2015-11-18 12:47:40',3),(89,'Beziehung','2015-11-18 12:50:03',3),(90,'verhinderen','2015-11-18 13:13:46',3),(91,'verschanzt','2015-11-18 13:25:41',3),(92,'Begriff','2015-11-19 17:23:31',3),(93,'lösen','2015-11-19 17:27:15',3),(94,'Verbindung','2015-11-19 17:29:12',3),(95,'vergleichen','2015-11-19 17:32:04',3),(96,'lassen','2015-11-19 17:38:11',3),(97,'wählen','2015-11-19 17:40:57',3),(98,'mager','2015-11-19 17:47:01',3),(99,'Unterkunft','2015-11-19 17:49:30',3),(100,'wahrscheinlich','2015-11-19 18:29:32',3),(101,'wandern','2015-11-19 18:36:09',3),(102,'weh','2015-11-19 19:37:39',3),(103,'Versorgung','2015-11-20 21:16:00',3),(104,'supply','2015-11-20 21:18:02',4),(105,'provision','2015-11-20 21:28:33',4),(106,'kappen','2015-11-20 21:34:41',3),(107,'Bereitstellung','2015-11-20 21:35:34',4),(108,'bereits','2015-11-20 21:42:12',3),(109,'cut','2015-11-20 22:44:44',4),(110,'assume','2015-11-20 23:09:29',4),(111,'hone','2015-11-20 23:14:43',4),(113,'schicken','2015-11-20 23:21:08',3),(115,'позволь','2015-11-21 12:55:39',3),(116,'keep','2015-11-21 15:13:46',4),(117,'keep current','2015-11-21 15:17:28',4),(118,'gist','2015-11-21 15:40:55',4),(119,'суть','2015-11-21 15:42:52',2),(120,'jot','2015-11-21 15:46:35',4),(121,'shoddy','2015-11-21 15:50:06',4),(122,'дрянной','2015-11-21 15:52:14',2),(123,'плохой','2015-11-21 15:53:36',2),(124,'обувь','2015-11-21 15:56:02',2),(126,'bulk','2015-11-21 16:06:32',4),(127,'основная масса','2015-11-21 16:08:55',2),(128,'Großteil','2015-11-21 16:12:59',3),(129,'Stiftung','2015-11-21 17:46:24',3),(130,'foundation','2015-11-21 17:50:04',4),(131,'Kasus','2015-11-21 18:14:41',3),(132,'case','2015-11-21 18:15:39',4),(133,'werden','2015-11-21 18:19:56',3),(134,'geschehen','2015-11-21 18:23:59',3),(135,'happen','2015-11-21 18:30:08',4),(136,'occur','2015-11-21 18:30:53',4),(137,'take place','2015-11-21 18:31:28',4),(138,'происходить','2015-11-21 18:36:02',2),(139,'Nebel','2015-11-21 18:39:59',3),(140,'moraine','2015-11-21 20:03:27',4),(141,'gehören','2015-11-21 20:11:28',3),(142,'zugleich','2015-11-21 21:31:38',3),(143,'likewise','2015-11-21 21:33:02',4),(144,'together','2015-11-21 21:34:50',4),(145,'Gipfel','2015-11-21 21:40:10',3),(146,'summit','2015-11-21 21:41:10',4),(147,'substantiate','2015-11-22 18:21:49',4),(148,'cut corners','2015-11-22 18:28:36',4),(149,'confound','2015-11-22 18:33:00',4),(150,'caveat','2015-11-22 18:39:11',4),(151,'crux','2015-11-22 18:45:29',4),(152,'adhere','2015-11-22 18:56:23',4),(153,'articulate','2015-11-22 19:04:16',4),(154,'exhaustive','2015-11-22 19:05:04',4),(155,'limescale','2015-11-22 19:13:02',4),(156,'lame','2015-11-22 19:15:13',4),(157,'scrutiny','2015-11-22 19:19:24',4),(158,'slant','2015-11-22 19:27:34',4),(159,'изврнути','2015-11-22 19:30:07',1),(160,'circumstances','2015-11-24 18:01:56',4),(161,'Kaffee','2015-11-26 15:55:06',3),(162,'Aufguss','2015-11-26 15:59:29',3),(163,'lächeln','2015-11-26 16:01:49',3),(164,'weh','2015-11-26 16:06:58',3),(165,'verloren','2015-11-26 16:17:18',3),(166,'beim','2015-11-26 16:21:17',3),(167,'verdienen','2015-11-26 16:23:40',3),(168,'deserve','2015-11-26 16:26:54',4),(169,'Museum','2015-11-26 16:31:37',3),(170,'Messe','2015-11-26 16:32:34',3),(171,'Zeit','2015-11-26 16:36:03',3),(172,'Los','2015-11-26 16:39:21',3),(173,'Unsinn','2015-11-26 16:41:55',3),(174,'aufstehen','2015-11-26 16:44:35',3),(175,'verschiedene','2015-11-26 16:46:47',3),(176,'different','2015-11-26 16:48:00',4),(177,'drin','2015-11-26 16:49:48',3),(178,'zeigen','2015-11-26 16:51:48',3),(179,'dauern','2015-11-26 16:53:45',3),(180,'gemeinsam','2015-11-26 16:55:26',3),(181,'fangen','2015-11-26 16:57:45',3),(182,'catch','2015-11-26 17:00:36',4),(183,'Ratschlag','2015-11-26 17:04:43',3),(184,'empfehlen','2015-11-26 17:08:12',3),(185,'recommend','2015-11-26 17:10:13',4),(186,'jede','2015-11-26 17:13:01',3),(187,'Gewicht','2015-11-26 17:14:32',3),(188,'wiege','2015-11-26 17:16:14',3),(189,'wiegen','2015-11-26 17:17:37',3),(190,'heben','2015-11-26 17:18:45',3),(191,'abnehmen','2015-11-26 17:20:09',3),(192,'teilnehmen','2015-11-26 17:23:42',3),(193,'dir','2015-11-26 17:24:54',3),(194,'öffnen','2015-11-26 17:26:45',3),(195,'Wettkampf','2015-11-26 17:29:24',3),(196,'competition','2015-11-26 17:30:36',4),(197,'Luft','2015-11-26 17:32:11',3),(198,'holen','2015-11-26 17:35:06',3),(199,'get','2015-11-26 17:36:35',4),(200,'dick','2015-11-26 17:38:16',4),(201,'fliegen','2015-11-26 18:10:22',3),(202,'verwenden','2015-11-26 21:46:03',3),(203,'use','2015-11-26 21:47:21',4),(204,'apply','2015-11-26 21:47:38',4),(205,'employ','2015-11-26 21:48:35',4),(206,'versuchen','2015-11-26 21:50:12',3),(207,'zufolge','2015-11-26 21:52:21',3),(208,'according to','2015-11-26 21:55:13',4),(209,'durchbrechen','2015-11-26 21:56:39',3),(210,'knieten','2015-11-26 21:58:36',3),(211,'breach','2015-11-26 22:00:17',4),(212,'Zaun','2015-11-26 22:02:23',3),(213,'festnehmen','2015-11-26 22:04:23',3),(214,'arrest','2015-11-26 22:05:22',4),(215,'at the moment','2015-12-01 03:21:47',4),(216,'moment','2015-12-01 03:23:13',4),(217,'trauen','2015-12-01 03:37:29',3),(218,'choose','2015-12-02 16:19:10',4),(219,'Verteilung','2015-12-02 16:39:05',3),(220,'Schießerei','2015-12-02 22:36:08',4),(221,'gunfire','2015-12-02 22:38:52',4),(222,'Angabe','2015-12-02 22:44:04',3),(223,'statement','2015-12-02 22:45:38',4),(224,'precreation','2015-12-03 12:07:59',4),(225,'hereby','2015-12-03 12:11:14',4),(226,'Fernsehturm','2015-12-03 15:49:38',3),(227,'television tower','2015-12-03 03:54:21',4),(228,'телевизионная башня','2015-12-03 15:57:00',2),(229,'Sendeanlage','2015-12-03 16:00:57',3),(230,'transmitter','2015-12-03 16:03:56',4),(232,'Krankenwagen','2015-12-03 16:14:42',3),(233,'ambulance','2015-12-03 16:17:37',4),(234,'Rettung','2015-12-03 16:18:53',3),(235,'Anmerkung','2015-12-03 16:24:08',3),(236,'remark','2015-12-03 16:25:16',4),(237,'Notarzt','2015-12-03 16:26:57',3),(238,'emergency doctor','2015-12-03 16:29:38',4),(239,'Notaufnahme','2015-12-03 16:32:13',3),(240,'emergency department','2015-12-03 16:33:59',4),(241,'emergency','2015-12-03 16:35:39',4),(242,'Notfall','2015-12-03 16:36:57',3),(243,'Verletzung','2015-12-03 16:40:50',3),(244,'injury','2015-12-03 16:42:57',4),(245,'Grippe','2015-12-03 16:44:59',3),(246,'flu','2015-12-03 16:46:18',4),(247,'Magen','2015-12-03 16:47:07',3),(248,'Sprechstunde','2015-12-03 16:50:09',3),(249,'doctor\'s consultation','2015-12-03 16:53:09',4),(250,'Untersuchung','2015-12-03 17:04:20',3),(251,'examination','2015-12-03 17:05:57',4),(252,'Verband','2015-12-03 17:06:50',3),(253,'bandage','2015-12-03 17:08:38',4),(254,'bluten','2015-12-03 17:10:40',3),(255,'bleed','2015-12-03 17:12:20',4),(256,'sterben','2015-12-03 17:13:46',3),(257,'pass away','2015-12-03 17:16:35',4),(258,'verbinden','2015-12-03 17:17:52',3),(259,'erkältet sein','2015-12-03 17:19:55',3),(260,'have a cold','2015-12-03 17:20:53',4),(261,'Sorge','2015-12-03 17:22:06',3),(262,'worry','2015-12-03 17:22:55',4),(263,'care','2015-12-03 17:24:39',4),(264,'Wahrheit','2015-12-03 17:25:59',3),(265,'vertrauen','2015-12-03 17:27:26',3),(266,'deshalb','2015-12-03 17:29:20',3),(267,'thus','2015-12-03 17:30:44',4),(268,'therefore','2015-12-03 17:31:03',4),(269,'traurig','2015-12-03 17:34:29',3),(270,'sad','2015-12-03 17:34:46',4),(271,'Schlimme','2015-12-03 17:42:36',3),(272,'Haut','2015-12-03 18:09:13',3),(273,'Zunge','2015-12-03 18:10:11',3),(274,'Gehirn','2015-12-03 18:11:29',3),(275,'Milz','2015-12-03 18:12:20',3),(276,'kaum','2015-12-03 18:16:16',3),(277,'wehgetan','2015-12-03 18:45:50',3),(278,'futile','2015-12-04 09:48:41',4),(279,'knuckle ','2015-12-04 11:11:14',4),(280,'Umfang','2015-12-04 12:22:25',3),(281,'circumference','2015-12-04 12:28:34',4),(282,'extent','2015-12-04 15:36:17',4),(283,'tell apart','2015-12-04 21:08:15',4),(284,'grumpy','2015-12-06 20:04:12',4),(285,'voracious','2015-12-06 20:08:10',4),(286,'ember','2015-12-06 20:10:12',4),(287,'cary over','2015-12-06 20:14:57',4),(288,'соревнование','2015-12-07 14:58:06',2),(289,'Bericht','2015-12-07 15:27:23',3),(290,'Bericht erstatten','2015-12-07 15:36:13',3),(291,'Präsident','2015-12-07 15:41:06',3),(292,'Rätsel','2015-12-07 16:22:24',3),(293,'bedeuten','2015-12-07 16:30:10',3),(294,'mean','2015-12-07 16:38:16',4),(295,'Gezeitenwechsel','2015-12-07 16:56:30',3),(296,'Gezeit','2015-12-07 17:03:25',3),(297,'beobachten','2015-12-07 17:06:31',3),(298,'Zweck','2015-12-07 17:10:36',3),(299,'schnupfen','2015-12-07 17:17:38',3),(300,'sniff','2015-12-07 17:20:02',3),(301,'snort','2015-12-07 17:23:27',4),(302,'Kohle','2015-12-07 17:31:39',3),(303,'Geschäftsbereich','2015-12-07 20:07:50',3),(304,'business area','2015-12-07 20:12:13',4),(305,'scope','2015-12-07 20:12:55',4),(306,'business division','2015-12-07 20:13:24',4),(307,'Anmeldung','2015-12-07 20:16:04',3),(308,'verwandeln','2015-12-07 20:23:25',4),(309,'transform','2015-12-07 20:26:34',4),(310,'convolution','2015-12-07 22:14:29',4),(311,'facet','2015-12-08 07:39:44',4),(312,'аспект','2015-12-08 07:41:09',1),(313,'desiderata','2015-12-08 08:37:08',4),(314,'mast','2015-12-08 10:46:30',4),(315,'Ladegerät','2015-12-08 11:28:26',3),(316,'charger','2015-12-08 11:31:12',4),(317,'Pferd','2015-12-08 11:32:12',3),(318,'horse','2015-12-08 11:34:54',4),(319,'лошадь','2015-12-08 11:38:00',2),(320,'aforementioned','2015-12-08 14:03:13',4),(321,'The idea is that','2015-12-08 16:43:00',4),(322,'brazen','2015-12-08 19:18:15',4),(323,'shameless','2015-12-08 07:21:04',4),(324,'sonstige','2015-12-08 20:34:04',3),(325,'Mädchen','2015-12-08 21:57:06',3),(326,'Gern geschehen','2015-12-08 22:47:00',3),(327,'You are welcome','2015-12-08 22:47:32',4),(328,'Mir geht\'s gut,','2015-12-08 22:49:17',3),(329,'I\'m doing well.','2015-12-08 22:49:46',4),(330,'streak','2015-12-08 23:01:57',4),(331,'Held','2015-12-08 23:13:18',3),(332,'hero','2015-12-08 23:26:20',4),(333,'герой ','2015-12-08 23:27:21',2),(334,'Milch','2015-12-08 23:31:23',3),(335,'Kind','2015-12-09 00:07:07',3),(336,'Hilfe','2015-12-09 00:12:44',3),(337,'PKW','2015-12-09 00:14:48',3),(338,'obwohl','2015-12-09 00:25:34',3),(339,'Verfolgung','2015-12-09 00:31:18',3),(340,'although','2015-12-09 00:37:06',4),(341,'drinkend','2015-12-09 01:23:19',3),(342,'Aufnahme','2015-12-09 01:27:31',3),(343,'Zuzug','2015-12-09 01:32:00',3),(344,'influx','2015-12-09 01:34:05',4),(345,'ausgeschlossen','2015-12-09 01:41:54',3),(346,'jersey','2015-12-09 12:45:24',4),(347,'џемпер','2015-12-09 12:50:25',1),(348,'дрес','2015-12-09 12:54:06',1),(349,'nevertheless','2015-12-09 14:03:52',4),(350,'außerderm','2015-12-09 14:33:55',3),(351,'also','2015-12-09 14:35:23',4),(352,'as well','2015-12-09 14:35:41',4),(353,'besides','2015-12-09 14:36:12',4),(354,'moreover','2015-12-09 14:36:31',4),(355,'furthermore','2015-12-09 14:37:01',4),(356,'in addition','2015-12-09 14:37:26',4),(357,'anyway','2015-12-09 14:37:54',4),(358,'halten','2015-12-09 14:41:45',3),(359,'Verlag','2015-12-09 14:49:30',3),(360,'publsher','2015-12-09 14:55:25',3),(361,'most','2015-12-10 16:26:02',4),(363,'vorn','2015-12-10 16:37:19',3),(364,'vorstellen','2015-12-10 16:40:51',3),(365,'hierher','2015-12-10 16:47:30',3),(366,'bringen','2015-12-10 17:16:12',3),(367,'Werk','2015-12-10 17:23:30',3),(368,'essen','2015-12-10 19:03:05',3),(369,'zapfchen','2015-12-10 19:09:45',3),(370,'leben','2015-12-10 21:32:15',3),(371,'love','2015-12-10 21:37:46',4),(372,'lieb','2015-12-10 21:40:05',3),(373,'Nachfolger','2015-12-10 21:45:12',3),(374,'successor','2015-12-10 21:46:57',4),(375,'Wissen','2015-12-10 21:48:56',3),(376,'zugeben','2015-12-10 21:54:24',3),(377,'admit','2015-12-10 21:58:29',4),(378,'Voraussetzung','2015-12-10 22:05:36',3),(379,'requirement','2015-12-10 22:06:25',4),(380,'precondition','2015-12-10 22:08:54',4),(381,'Kenntnis','2015-12-10 22:10:45',3),(382,'conformity','2015-12-12 13:09:22',4),(383,'custodian','2015-12-12 14:32:29',4),(384,'proliferate','2015-12-12 14:37:01',4),(385,'convey','2015-12-12 14:50:35',4),(386,'transmit','2015-12-12 14:53:35',4),(387,'charter','2015-12-13 19:17:49',4),(388,'innovation','2015-12-13 19:19:54',4),(389,'innovation','2015-12-13 19:22:29',3),(390,'Erneuerung','2015-12-13 19:26:08',3),(391,'undertake','2015-12-13 19:38:16',4),(392,'lieu','2015-12-13 20:02:54',4),(393,'expect','2015-12-13 20:08:55',4),(395,'herunterladen','2015-12-14 09:23:21',3),(396,'Streich','2015-12-14 09:45:56',3),(397,'prank','2015-12-14 09:53:58',4),(398,'trick','2015-12-14 09:54:18',4),(399,'goof','2015-12-14 09:54:51',4),(400,'adamant','2015-12-14 11:03:33',4),(401,'тврд','2015-12-14 11:06:45',1),(402,'waver','2015-12-14 11:13:22',4),(403,'embezzle','2015-12-14 11:17:39',4),(404,'forgo','2015-12-14 12:03:21',4),(405,'abiding','2015-12-14 16:41:41',4),(406,'bösen','2015-12-14 22:12:58',3),(407,'evil','2015-12-14 10:17:16',4),(408,'naughtz','2015-12-14 22:23:24',4),(409,'welche','2015-12-14 22:28:27',3),(410,'which','2015-12-14 22:34:18',4),(411,'anstatt','2015-12-14 22:35:45',3),(412,'in stead of','2015-12-14 22:39:36',4),(413,'in place of','2015-12-14 22:42:14',4),(414,'heimlich','2015-12-14 22:47:58',3),(415,'bekehren','2015-12-14 22:51:49',3),(416,'Übeltätigkeit','2015-12-14 22:58:04',3),(417,'necken','2015-12-14 23:01:09',3),(418,'tease','2015-12-14 23:03:38',4),(419,'irritate','2015-12-14 23:03:58',4),(420,'quälen','2015-12-14 23:07:44',3),(421,'torrture','2015-12-14 23:09:39',4),(422,'steal','2015-12-14 23:13:26',4),(423,'stehlen','2015-12-14 23:14:17',3),(424,'angenehm','2015-12-14 23:19:05',3),(425,'pleasent','2015-12-14 23:21:10',4),(426,'enjoyable','2015-12-14 23:21:41',4),(427,'gehen','2015-12-14 23:26:37',3),(428,'Weihnacht','2015-12-15 00:09:24',3),(429,' Beitrag','2015-12-15 00:17:13',3),(430,'contribution','2015-12-16 11:57:23',4),(431,'überhaupt','2015-12-15 13:40:41',3),(432,'stolz','2015-12-15 13:49:02',3),(433,'Wettbewerb','2015-12-15 13:51:08',3),(434,'rally','2015-12-15 20:48:54',4),(435,'Schwung','2015-12-16 01:54:36',3),(436,'Verdauung','2015-12-16 02:05:38',3),(437,'castaway','2015-12-16 13:08:45',3),(438,'Brand','2015-12-16 14:25:16',3),(439,'mend fences','2015-12-16 15:45:53',4),(440,'bolster','2015-12-16 15:49:09',4),(441,'patchwork','2015-12-16 15:51:53',4),(442,'крпеж','2015-12-16 15:54:08',1),(443,'Verbrauch','2015-12-16 17:29:19',3),(444,'defer','2015-12-17 12:57:18',4),(445,'reverberate','2015-12-17 13:29:16',4),(446,'behest','2015-12-17 13:31:08',4),(447,'Aufgabe','2015-12-17 17:15:16',3),(448,'Sammlung','2015-12-17 17:20:27',3),(449,'wohin','2015-12-17 17:30:35',3),(450,'Überraschung','2015-12-17 18:20:33',3),(451,'Beziehung','2015-12-17 18:24:24',3),(452,'Ausstrahlung','2015-12-17 18:25:33',3),(453,'ehrlich','2015-12-17 18:26:08',3),(454,'treu','2015-12-17 18:26:21',3),(455,'Tierwirtin','2015-12-17 18:28:33',3),(456,'Ausgleich','2015-12-17 18:29:24',3),(457,'Hof','2015-12-17 18:32:47',3),(458,'Mausefalle','2015-12-17 18:36:59',3),(459,'Kreide','2015-12-17 18:44:25',3),(460,'call the shots ','2015-12-18 18:27:00',4),(461,'Wahl','2015-12-18 19:47:08',3),(462,'Vertreter','2015-12-18 20:10:04',3),(463,'representative','2015-12-18 20:11:21',4),(464,'exhort','2015-12-18 10:28:09',4),(465,'fetter','2015-12-18 22:30:18',4),(466,'accession','2015-12-18 22:32:01',4),(467,'assail','2015-12-18 22:36:13',4),(468,'compel','2015-12-18 22:42:50',4),(469,'slander','2015-12-18 22:44:39',4),(470,'gestalten','2015-12-18 23:33:09',3),(471,'Beratung','2015-12-18 23:40:12',3),(472,'advice','2015-12-18 23:42:08',4),(473,'consultation','2015-12-18 23:42:51',4),(474,'realm','2015-12-22 17:37:25',4),(475,'regno','2015-12-22 17:41:50',5),(476,'tamper','2016-01-11 20:24:08',4),(477,'wart','2016-01-11 20:26:47',4),(478,'bradavica','2016-01-11 20:31:32',1),(479,'Vergangenheit','2016-01-14 11:22:55',3),(480,'past','2016-01-14 11:28:41',4),(481,'obscure','2016-01-14 11:30:05',4),(482,'нејасан','2016-01-14 11:30:41',1),(483,'duplicate','2016-01-14 17:15:43',4),(484,'Pfarrer','2016-01-15 14:54:31',3),(485,'hendeln','2016-01-15 15:39:05',3),(486,'verknallen','2016-01-15 15:52:11',3),(487,'wusste','2016-01-15 15:58:29',3),(488,'Wissen','2016-01-15 16:00:10',3),(489,'wissen','2016-01-15 16:00:43',3),(490,'Gefühl','2016-01-15 16:12:48',3),(491,'feeling','2016-01-15 16:15:01',4),(492,'außerdem','2016-01-15 16:19:25',3),(493,'kennen','2016-01-15 16:40:30',3),(494,'weinen','2016-01-15 16:45:14',3),(495,'beleaguered','2016-01-23 09:55:01',4),(496,'опколити','2016-01-23 09:56:24',1),(497,'pew','2016-01-23 10:11:33',4),(498,'vanity','2016-01-23 16:59:31',4),(499,'Unterlage','2016-01-25 18:56:33',3),(500,'gelten','2016-01-27 12:27:48',3),(502,'Anschlag','2016-02-04 10:05:36',3),(503,'attack','2016-02-04 10:23:08',3),(504,'strike','2016-02-04 10:29:03',4),(505,'attentato','2016-02-04 10:39:08',5),(506,'Beitrag','2016-02-04 11:17:51',4),(507,'topple','2016-02-06 14:25:39',4),(508,'Verweigerung','2016-02-06 16:48:06',4),(509,'chemtrail','2016-02-06 05:33:55',4),(510,'Kohle','2016-02-06 17:44:49',3),(511,'barren','2016-02-10 19:33:55',4),(512,'Anschlag','2016-02-13 08:57:12',4),(513,'Anschlag','2016-02-13 08:58:40',4),(514,'Anschlag','2016-02-13 09:04:20',4),(515,'odds','2016-02-14 17:47:41',4),(516,'at odds','2016-02-14 17:49:17',4),(518,'thrive','2016-02-14 18:18:15',4),(519,'двунадесятый','2016-02-15 00:03:16',2),(520,'Ветхий Завет','2016-02-15 00:06:26',2),(521,'Теперь','2016-02-15 00:14:59',2),(522,'попечитель','2016-02-16 08:39:50',2),(523,'mar','2016-02-16 08:44:05',4),(524,'spoil','2016-02-16 08:45:19',4),(525,'соперник','2016-02-16 08:53:17',4),(526,'plight','2016-02-16 17:01:41',4),(527,'contend','2016-02-16 17:04:54',4),(528,'утверждать 	','2016-02-16 17:07:40',2),(529,'wallop','2016-02-16 17:26:52',4),(530,'vintage','2016-02-16 17:32:15',4),(531,'foray','2016-02-16 17:35:50',4),(532,'trait','2016-02-16 19:51:37',4),(533,'Einmischung','2016-02-16 21:25:43',3),(534,'Rückkehr','2016-02-16 21:28:51',3),(535,'Heimat','2016-02-16 21:30:55',4),(536,'untermauern','2016-02-16 21:34:40',3),(537,'think tank','2016-02-16 21:43:26',4),(538,'verbessen','2016-02-16 21:47:40',3),(539,'fluctuate','2016-02-17 10:40:21',4),(540,'precursor','2016-02-17 10:47:29',4),(541,'forerunner','2016-02-17 10:48:34',4),(542,'urge','2016-02-17 10:56:00',4),(543,'Drang','2016-02-17 10:59:55',3),(544,'piggyback','2016-02-17 11:21:08',4),(545,'to this end','2016-02-17 11:28:58',4),(546,'ludic','2016-02-17 11:32:03',4),(547,'layer','2016-02-17 11:43:39',4),(548,'lawyer','2016-02-17 11:46:26',4),(549,'trope','2016-02-17 11:49:30',4),(550,'trope','2016-02-17 11:51:06',4),(551,'on the broadest scale','2016-02-17 11:56:17',4),(552,'namely','2016-02-17 12:40:30',4),(553,'give rise','2016-02-17 12:48:02',4),(554,'enact','2016-02-17 14:16:25',4),(555,'flicker','2016-02-17 14:22:20',4),(556,'treat','2016-02-17 14:30:55',4),(557,'badge','2016-02-17 14:51:34',4),(558,'murkiness','2016-02-17 14:57:47',4),(559,'acknowledge','2016-02-17 15:08:46',4),(560,'pervasive','2016-02-17 15:13:42',4),(561,'durchdringen','2016-02-17 15:18:07',3),(562,'Belastung','2016-02-17 15:31:31',4),(563,'dafür','2016-02-17 15:45:18',4),(564,'mediate','2016-02-17 17:23:10',4),(565,'vermitteln','2016-02-17 17:26:52',3),(566,'begreifen','2016-02-17 17:34:10',3),(567,'henceforth','2016-02-17 18:03:03',4),(568,'royalty','2016-02-17 18:06:29',4),(569,'linger','2016-02-17 18:45:47',4),(570,'mehrfach','2016-02-17 23:53:09',4),(571,'besides','2016-02-18 12:04:55',4),(572,'impede','2016-02-18 16:48:19',3),(573,'behindern','2016-02-18 16:53:19',3),(574,'staccare','2016-02-19 18:23:30',5),(575,'Beschäftigung','2016-02-19 18:33:20',3),(576,'employment','2016-02-19 18:39:38',4),(577,'Arbeitsvertrag','2016-02-19 18:44:17',3),(578,'abhängig','2016-02-19 19:19:47',3),(579,'dependent','2016-02-19 20:20:06',4),(580,'feud','2016-02-19 20:25:21',4),(581,'due to','2016-02-20 12:05:59',4),(582,'spate','2016-02-20 12:31:19',4),(583,'duke out','2016-02-20 13:09:52',4),(584,'Abschnitt','2016-02-20 15:51:48',4),(585,'selbstständig','2016-02-20 15:55:27',3),(586,' самостоятельный','2016-02-20 16:00:05',2),(587,'Inhaber','2016-02-20 16:04:57',3),(588,'Gesellschafter','2016-02-20 16:08:21',3),(589,'partner','2016-02-20 16:12:22',4),(590,'Freiberufler','2016-02-20 16:18:19',3),(591,'socio','2016-02-20 16:19:51',5),(592,'freelancer','2016-02-20 16:24:19',4),(593,'Juristische person','2016-02-20 16:28:06',3),(594,'repugnant','2016-02-20 17:39:05',4),(595,'происходить','2016-02-20 17:41:08',1),(596,'одвратан','2016-02-20 17:41:26',1),(597,'motorcade','2016-02-20 18:01:05',4),(598,'Aufenthalt','2016-02-20 21:11:14',3),(599,'Aufenthaltserlaubnis','2016-02-20 21:15:10',3),(600,'antidote','2016-02-21 16:40:37',4),(601,'Gesamtanzahl','2016-02-22 12:10:10',3),(602,'Blat','2016-02-22 12:14:54',3),(603,'Tannenbaum','2016-02-22 12:19:02',3),(604,'Geschlecht','2016-02-22 12:23:28',3),(605,'Familienstand','2016-02-22 12:55:48',3),(606,'Staatsbürgerschaft','2016-02-22 13:01:06',3),(607,'Erkennungsausweis','2016-02-22 13:06:53',3),(608,'ausstellen','2016-02-22 13:11:05',3),(609,'jener','2016-02-22 14:17:42',3),(610,'Fachschaft','2016-02-22 14:26:52',3),(611,'Rahmen','2016-02-22 14:30:13',4),(612,'erinnern','2016-02-22 16:58:36',3),(613,'daran','2016-02-22 17:01:26',3),(614,'Schlüssel','2016-02-22 17:06:58',4),(615,'Wert','2016-02-22 17:10:07',3),(616,'ausleihen','2016-02-22 17:24:46',3),(617,'Schließfach','2016-02-22 17:29:55',3),(618,'locker','2016-02-22 17:35:08',4),(619,'Fälligkeit','2016-02-22 17:39:15',3);
/*!40000 ALTER TABLE `word` ENABLE KEYS */;
UNLOCK TABLES;

--
-- Table structure for table `wordlink`
--

DROP TABLE IF EXISTS `wordlink`;
/*!40101 SET @saved_cs_client     = @@character_set_client */;
/*!40101 SET character_set_client = utf8 */;
CREATE TABLE `wordlink` (
  `id` bigint(20) NOT NULL AUTO_INCREMENT,
  `meaning_from` bigint(20) NOT NULL,
  `meaning_to` bigint(20) NOT NULL,
  `link_type` bigint(20) NOT NULL,
  PRIMARY KEY (`id`),
  UNIQUE KEY `unique_wordlink` (`meaning_to`,`meaning_from`,`link_type`),
  KEY `fk_wordlink_meaning_from` (`meaning_from`),
  KEY `fk_wordlink_linktype` (`link_type`),
  CONSTRAINT `fk_wordlink_linktype` FOREIGN KEY (`link_type`) REFERENCES `linktype` (`id`),
  CONSTRAINT `fk_wordlink_meaning_from` FOREIGN KEY (`meaning_from`) REFERENCES `meaning` (`id`),
  CONSTRAINT `fk_wordlink_meaning_to` FOREIGN KEY (`meaning_to`) REFERENCES `meaning` (`id`)
) ENGINE=InnoDB AUTO_INCREMENT=151 DEFAULT CHARSET=utf8;
/*!40101 SET character_set_client = @saved_cs_client */;

--
-- Dumping data for table `wordlink`
--

LOCK TABLES `wordlink` WRITE;
/*!40000 ALTER TABLE `wordlink` DISABLE KEYS */;
INSERT INTO `wordlink` VALUES (1,4,8,1),(6,38,8,1),(3,32,12,2),(5,32,31,1),(2,32,35,1),(7,39,41,1),(8,57,58,1),(9,65,59,1),(12,191,187,1),(10,187,188,1),(11,187,190,1),(13,193,194,1),(14,99,196,1),(15,201,200,3),(16,202,204,1),(17,207,210,1),(18,212,214,1),(19,213,215,1),(20,218,220,1),(47,23,223,1),(21,221,223,1),(22,229,230,1),(24,229,231,1),(23,229,232,1),(25,228,233,1),(26,238,239,1),(28,237,240,1),(27,238,240,1),(30,241,243,1),(29,242,244,1),(31,264,265,1),(32,276,277,1),(33,285,286,1),(34,292,292,1),(35,292,293,1),(36,296,297,1),(37,308,309,1),(38,312,313,1),(41,317,318,1),(40,317,319,1),(39,317,320,1),(42,323,324,1),(43,325,327,1),(44,329,330,1),(45,331,333,3),(46,177,336,1),(48,341,342,1),(49,344,345,1),(50,349,350,1),(51,349,351,1),(52,352,353,1),(53,355,356,1),(54,358,359,1),(55,360,361,1),(56,362,363,1),(57,365,364,1),(58,366,367,1),(59,368,369,1),(60,371,372,1),(61,373,374,1),(62,376,377,1),(63,378,379,1),(64,380,381,1),(65,384,385,1),(66,386,387,1),(67,386,388,1),(68,391,392,1),(69,391,393,1),(70,399,400,1),(71,401,402,1),(72,308,411,1),(73,417,418,1),(74,424,425,1),(75,424,427,1),(78,429,430,1),(79,429,431,1),(76,429,432,1),(80,434,435,1),(81,438,439,1),(82,443,444,1),(83,446,447,1),(84,446,448,1),(85,451,453,1),(86,456,457,1),(87,458,459,1),(88,461,462,1),(89,461,463,1),(90,471,472,1),(91,476,477,1),(92,481,484,1),(93,481,485,1),(100,487,488,1),(99,487,489,1),(98,487,490,1),(96,487,491,1),(97,487,492,1),(95,487,493,1),(94,487,494,1),(101,497,498,1),(102,81,499,1),(103,510,513,1),(104,515,516,1),(105,519,520,1),(106,523,524,1),(107,523,525,1),(108,530,532,1),(109,536,535,1),(110,544,545,1),(111,544,546,1),(112,544,547,1),(113,549,550,1),(114,555,556,1),(116,558,559,1),(115,560,561,1),(117,562,563,1),(118,562,564,1),(119,568,569,1),(120,568,570,1),(121,571,572,1),(122,573,574,1),(123,575,576,1),(124,575,577,1),(125,580,581,1),(126,591,593,1),(127,610,611,1),(129,619,620,1),(128,619,621,1),(130,138,626,1),(131,138,627,1),(132,631,632,1),(133,633,635,1),(134,636,637,1),(135,645,646,1),(136,650,651,1),(137,666,667,1),(138,666,668,1),(139,670,669,1),(140,734,735,1),(141,741,743,1),(142,838,839,1),(143,857,858,1),(144,860,861,1),(145,863,864,1),(146,867,868,1),(147,894,895,1),(148,896,898,1),(149,900,902,1),(150,940,941,1);
/*!40000 ALTER TABLE `wordlink` ENABLE KEYS */;
UNLOCK TABLES;

--
-- Table structure for table `wordtype`
--

DROP TABLE IF EXISTS `wordtype`;
/*!40101 SET @saved_cs_client     = @@character_set_client */;
/*!40101 SET character_set_client = utf8 */;
CREATE TABLE `wordtype` (
  `id` bigint(20) NOT NULL AUTO_INCREMENT,
  `text` varchar(70) DEFAULT NULL,
  PRIMARY KEY (`id`)
) ENGINE=InnoDB AUTO_INCREMENT=12 DEFAULT CHARSET=utf8;
/*!40101 SET character_set_client = @saved_cs_client */;

--
-- Dumping data for table `wordtype`
--

LOCK TABLES `wordtype` WRITE;
/*!40000 ALTER TABLE `wordtype` DISABLE KEYS */;
INSERT INTO `wordtype` VALUES (1,'noun'),(2,'masculine'),(3,'feminine'),(4,'neutrum'),(5,'adverb'),(6,'connective'),(7,'verb'),(8,'adjective'),(9,'pronoun'),(10,'preposition'),(11,'idiom');
/*!40000 ALTER TABLE `wordtype` ENABLE KEYS */;
UNLOCK TABLES;

--
-- Table structure for table `wordusage`
--

DROP TABLE IF EXISTS `wordusage`;
/*!40101 SET @saved_cs_client     = @@character_set_client */;
/*!40101 SET character_set_client = utf8 */;
CREATE TABLE `wordusage` (
  `id` bigint(20) NOT NULL AUTO_INCREMENT,
  `text` varchar(500) NOT NULL,
  PRIMARY KEY (`id`)
) ENGINE=InnoDB AUTO_INCREMENT=391 DEFAULT CHARSET=utf8;
/*!40101 SET character_set_client = @saved_cs_client */;

--
-- Dumping data for table `wordusage`
--

LOCK TABLES `wordusage` WRITE;
/*!40000 ALTER TABLE `wordusage` DISABLE KEYS */;
INSERT INTO `wordusage` VALUES (2,'Mein beispiel'),(3,' Es tobt ein spannender Wettkampf zwischen den Kontrahenten.'),(4,'Er sollte uns über den Verlauf der Veranstaltung endlich mal Bericht erstatten.'),(5,' Der erste Präsident der Bundesrepublik Deutschland war Theodor Heuss.'),(6,'Der Präsident des Vereines hatte dann letztlich doch seinen Rücktritt bekanntgegeben.'),(7,'Rät·sel, Plural: Rät·sel'),(8,'Für dieses mathematische Rätsel gibt mehrere Lösungen.'),(9,'Ich nehme in den Urlaub eine ganze Aktentasche voll Rätsel mit.'),(10,'Ich nehme in den Urlaub eine ganze Aktentasche voll Rätsel mit.'),(11,'Das englische Verb „to know“ bedeutet auf Deutsch soviel wie „wissen“.'),(12,'Diese Reise bedeutete ihm eine ganze Menge.'),(13,'Er bedeutete mir zu gehen'),(14,'jemandem viel, wenig, nichts bedeuten'),(15,'Was Le Pens Triumph für Europa bedeutet'),(16,' Gezeitenwechsel in Frankreich'),(17,'Der Ausdruck wird überwiegend im Plural verwendet. <br> Ebbe und Flut sind die Gezeiten, die besonders im Wattenmeer gut zu beobachten sind.'),(18,'Der Typ da drüben beobachtet mich schon die ganze Zeit.'),(19,'Der Zweck der Isolierung unseres Hauses ist die Verringerung der Heizkosten.'),(20,'Neue Rechtschreibung: Zweck, Plural: Zwe·cke'),(21,'Tabak oder andere Rauschmittel über die Nasenschleimhaut konsumieren'),(22,'Mein Onkel schnupft Tabak, seit ich denken kann.'),(23,'to sniff a scandal.'),(24,'The spirited horse snorted and shied at the train.'),(25,' Neues aus dem Geschäftsbereich Wohnen'),(26,'Sie können direkt nach der Anmeldung loslegen.'),(27,'Kinder verwandeln sich gerne, indem sie sich verkleiden.'),(28,'The many voices of the metropolis only come together like facets of a many-sided prism in the fourth projection, which stands separate from the other three'),(29,'Clearly, this is not the only attempt at developing a com putational model of (some facet of) concept blending'),(30,'Also in the water were strange vessels, with no masts or sails, built of gunmetal-gray metals that seemed impervious to the rust that had afflicted the dock facilities.'),(31,'Toyota hat ein Ladegerät für Elektrofahrzeuge und Plug-in-Hybride entwickelt, welches bis Ende 2012 in Japan verkauft wird'),(32,'One example for a generalization-based computational analogy-model (and the system used in COINVENT) is the already aforementioned HDTP'),(33,'\"he went about his illegal business with a brazen assurance\" synonyms: bold, shameless, unashamed, unabashed, unembarrassed, defiant, impudent, impertinent, cheeky, insolent, in-your-face, barefaced, blatant, flagrant, saucy'),(34,'Of course, if we had brazened it out a bit more people might hardly have noticed.'),(35,'Turkey would have never dared to make such a brazen move without Washington\'s support'),(36,'Er ist hinter den Mädchen her.'),(37,' Meine Bekannte hat ein kleines Mädchen bekommen.'),(38,'Nominativ 	das Mädchen 	die Mädchen Genitiv 	<br>des Mädchens 	der Mädchen Dativ <br>	<br> dem Mädchen 	den Mädchen <br>Akkusativ 	das Mädchen 	die Mädchen'),(39,'Zwei deutsche Mädchen in der Nachkriegszeit'),(40,'a streak of oil'),(41,'Dieser Held rettete seine Frau und Kinder aus dem brennenden Haus.'),(42,'Unglücklich das Land, das keine Helden hat!“ […] „Nein. Unglücklich das Land, das Helden nötig hat.'),(43,'Held, Plural: Hel·den'),(44,'Nimmst du den Kaffee mit Milch und Zucker?'),(45,'Wichtigstes Haustier war das Rind, das lange gehalten wurde, um Kälber und Milch zu produzieren.'),(46,'Die Pluralformen Milche und Milchen werden nur fachsprachlich verwendet.'),(47,'Auch Tauben produzieren Milch, die sogenannte Kropfmilch.'),(48,'Die Kinder spielten im Garten.'),(49,'Erste Hilfe für traumatisierte Kinder'),(50,'Er war das zweitgeborene Kind in der Familie.'),(51,'Es war eine große Hilfe, dass wir seinen PKW vorübergehend nutzen konnten.'),(52,'Maria organisierte die Verfolgung ihres Mannes an jenem Vormittag professionell. Drei Teams würden sich ablösen.'),(53,'konsequentes Bemühen, etwas zu erreichen'),(54,'Die Verfolgung seiner Ziele war ihm immer wichtig.'),(55,'Was wird aus ihm?'),(56,'Dein Gesicht wird rot.'),(57,'Präsens 	ich 	werde du 	wirst er, sie, es 	wird Präteritum 	ich 	wurde ward Konjunktiv II 	ich 	würde Imperativ 	Singular 	werde! Plural 	werdet'),(58,'Schnell, es ist dringend!'),(59,'ch muss mal ganz dringend aufs Klo!'),(60,' Schon die Aufnahme der Verhandlungen stand unter einem ungünstigen Stern.'),(61,'Wir fanden eine sehr angenehme Aufnahme bei unseren Freunden.'),(62,'Zu·zug, Plural: Zu·zü·ge'),(63,'Die Volksabstimmung vom Sonntag mit ihrer knappen Mehrheit von 50,3 Prozent der Wähler gegen »Masseneinwanderung« und für eine Begrenzung des Zuzugs von Ausländern hat weltweit Aufmerksamkeit erregt'),(64,'Die rund 7000 in Israel inhaftierten Palästinenser bleiben von der Wahl ausgeschlossen'),(65,'Zahlreiche Gruppen sind von den Gesprächen ausgeschlossen'),(66,'Ich kann mir nicht vorstellen, dass man mit Drogen im Blut sein Auto bei diesen hohen Geschwindigkeiten noch kontrollieren kann. Ich halte das für ausgeschlossen'),(67,'When I moved my trade show uniform from an ottoman rib to a jersey knit, he adjusted the tape to make the new shirts look better than the old ones.'),(68,'Cotton flannel or jersey sheets are another healthy option because they\'re not treated with chemicals.'),(69,'She\'s very realistic, she\'s got real hair and she\'s wearing a little pinafore and a jersey and so she\'s a very normal little girl.'),(70,' nevertheless, it was the best year since 2006, and 2010 was the second-best year, with employers adding 940,000 jobs. '),(71,'nevertheless, tribal peoples are simply not replicas of our ancestors'),(72,'Nevertheless, to make the paper self-contained, it contains a short description of the language and its most important uses.'),(73,'„Er wollte von mir außerdem wissen, was ich von den politischen Entwicklungen halte.“ (www.spiegel.de)'),(74,' Ich halte dich fest im Arm.'),(75,'Ich halte das Ganze für ausgemachten Schwachsinn.'),(76,'Der Verlag übernahm das Manuskript und brachte es als Buch heraus.'),(77,' Ich biete dir einen mehr als adäquaten Ersatz für dein altes Fahrrad.'),(78,'Er hat die meisten Bücher.'),(79,'Da Felix die meiste Zeit hatte, wurde es vorgeschlagen, dass er die Aufgabe machen sollte.'),(80,' Sie hatte Angst, wie die meisten.'),(81,' Jetzt geht es wieder nach vorn!'),(82,'Bei guten Autos sind wir ganz vorn'),(83,'Darf ich mich vorstellen?'),(84,'Ich darf mich vorstellen: Mein Name ist Alfons Beierl'),(85,' Ich stelle den Leuchter mal vor.'),(86,'vor·stel·len Präteritum: stell·te vor Partizip II: vor·ge·stellt'),(87,' Jetzt habe ich drei Jahre lang Deutsch gelernt, komme hierher und verstehe kein einziges Wort!'),(88,'Ich bin 1977 als junger Mann hierher zu Audi nach Ingolstadt gekommen'),(89,'Der Briefträger bringt mir einen Brief vom Gouverneur.'),(90,'brin·gen, Präteritum: brach·te, Partizip II: ge·bracht'),(91,'Die Firma eröffnet ein neues Werk in Klein Zschutzschnitz.'),(92,' Ich liebe dich.'),(93,'Sie lieben Nudeln, sie essen sie dreimal die Woche.'),(94,' Wir liebten uns die ganze Nacht.'),(95,'Ich liebe!'),(96,'Es lohnt sich doch, ein wenig lieb zu sein / Und alles auf das Einfachste zu schrauben'),(97,'Hello Ihr Lieben. <br> wir suchen einen Nachfolger als Tutor für die Informatik'),(98,'Das ist lieb von dir.'),(99,'Er begrüßte seinen Nachfolger mit herzlichen Worten.'),(100,'Das Wissen der Menschheit über ihre Umwelt wächst.'),(101,'Wenn ihr Interesse habt euer Wissen weiter zugeben und euch zu beteiligen an einem tollen Tutorenteam dann seit ihr genau richtig'),(102,'zu·ge·ben, Präteritum: gab zu, Partizip II: zu·ge·ge·ben'),(103,' Zugegeben, Peter ist vielleicht rücksichtslos, aber ist Hans denn besser?'),(104,'Gib doch endlich den Diebstahl zu!'),(105,'Ich gebe zu, dass das nicht ganz in Ordnung war.'),(106,'Wir müssen noch etwas Zucker zugeben.'),(107,'Ich werde es nicht zugeben, dass Sie meinen Bruder verhaften, ohne ihn über seine Rechte aufgeklärt zu haben! (lit. (US-Recht))'),(108,'Wir unterschreiben den Vertrag unter der Voraussetzung, dass Sie die Preise um 5% senken.'),(109,'Ich habe gute Kenntnisse über Autos.'),(110,'conformity to regulations'),(111,'\"the custodians of pension and insurance funds\" synonyms: keeper, guardian, steward, protector'),(112,'\"the science fiction magazines that proliferated in the 1920s\"'),(113,'Relational databases proliferate both because of their efficiency and their precise definitions'),(114,'pipes were laid to convey water to the house'),(115,' to convey a wish.'),(116,'HTML tables will be used in this document to convey SQL tables.'),(117,'(often initial capital letter) a document defining the formal organization of a corporate body; constitution: '),(118,'numerous innovations in the high-school curriculum.'),(119,' Eine Innovation mit vielen Konsequenzen war die Erfindung des Internets.'),(120,'Der Streit der Liebenden ist die Erneuerung der Liebe['),(121,' Vernichtung allein bahnt den Weg zu radikaler Erneuerung'),(122,'She undertook the job of answering all the mail.'),(123,'The married couple undertook to love, honor, and cherish each other.'),(124,'The development of DAML+OIL was undertaken by a committee largely made up of members of the two language design teams, and rather grandly titled the Joint US/EU ad hoc Agent Markup Language Committee'),(125,' in lieu of, in place of; instead of: He gave us an IOU in lieu of cash.'),(126,'Because many things were expected of OWL (see the long list of design goals, requirements and objectives in [17]), there were many demands for expressive power going beyond that generally provided by Description Logic'),(127,'Ich habe mir ein tolles kostenloses Programm heruntergeladen.'),(128,' Lad\' dir das doch herunter!'),(129,'ich 	lade herunter du 	lädst herunter er, sie, es 	lädt herunter'),(130,'he·r·un·ter·la·den, Präteritum: lud he·r·un·ter, Partizip II: he·r·un·ter·ge·la·den'),(131,'Die Schüler spielten dem Lehrer einen Streich, als sie ihm Zahnpaste unter die Türklinke schmierten.'),(132,'Jemandem Reißzwecken auf den Stuhl zu legen ist ein übler Streich, über den bestimmt niemand lachen kann.'),(133,'Wilhelm Busch erdachte die Streiche von Max und Moritz.'),(134,'Streich, Plural: Strei·che'),(135,'I was adamant that she was too young and took the newspaper to my parents for further authority. '),(136,'Diplomats in Brussels are adamant that that\'s just what Russia is doing.'),(137,'He wavered in his determination.'),(138,'Of the two main players, France wavers more than Germany.'),(139,'For example, they expect proper and transparent investigations into cases of fraud, embezzlement and other types of corruption. '),(140,'As we mentioned, in order to produce in polynomial time an expression F from E that is satis able if and only if E is satis able, we must forgo an equivalence-preserving transformation, and introduce some new variables for F that do not appear in E .'),(141,'an abiding faith'),(142,'Er ist ein durch und durch böser Mensch.'),(143,'bö·se, Komparativ: bö·ser, Superlativ: bö·ses·ten'),(144,'Das hätte auch böse ausgehen können!'),(145,' Das war ganz böse! Mach das nicht wieder!'),(146,'Welche Frau kommt uns entgegen?'),(147,'Anstatt eines Gesprächs machte er lieber eine Wanderung.'),(148,'Anstatt dass er ein Gespräch geführt hätte, machte er lieber eine Wanderung.'),(149,'Die, anstatt durch weise Lehren Sich zum Guten zu bekehren, Oftmals noch darüber lachten Und sich heimlich lustig machten.'),(150,'Während der Arbeit benutzte Matthias heimlich das Internet.'),(151,'Der Missionar bekehrte die Ureinwohner zum christlichen Glauben.'),(152,'Fritz versucht schon lange, mich zum Vegetarismus zu bekehren.'),(153,'Nur wenige Jahre nach Jesu Tod wurde der Pharisäer Paulus zum Christentum bekehrt'),(154,'ne·cken, Präteritum: ne·ckte, Partizip II: ge·neckt'),(155,'Ich habe dich doch nur ein bisschen geneckt.'),(156,' Er quälte sie zu seiner eigenen Lustgewinnung'),(157,'steh·len, Präteritum: stahl, Partizip II: ge·stoh·len'),(158,'Äpfel, Birnen, Zwetschen stehlen'),(159,'Ist die Temperatur des Wassers so angenehm?'),(160,'ge·hen, Präteritum: ging, Partizip II: ge·gan·gen'),(161,'Ich gehe über die Straße.'),(162,'Wir wünschen euch frohe Weihnacht und prosit Neujahr!'),(163,'An Weihnachten soll es nicht schneien.'),(164,'Der Beitrag für den Schützenverein beträgt 40€ jährlich.'),(165,'  Bei·trag, Plural: Bei·trä·ge'),(166,'A political rally that brought together hundreds of the faithful.'),(167,'Schwung, Plural: Schwün·ge'),(168,'Shipwrecked sailors, castaways , and that famous case some time back where a bunch of people were in a plane crash?'),(169,'Der Brand verursachte einen großen Schaden.'),(170,'Auf einem Balkon in Wien-Donaustadt geriet eine Kühltruhe in Brand.'),(171,'Zwei Verletzte nach Hausbrand in Welgesheim - 100.000 Euro Schaden '),(172,'Bei einem Hausbrand in Welgesheim wurden zwei Personen verletzt. '),(173,'China is trying to mend fences with Russia after the recent border dispute.'),(174,'Military checkpoints have been bolstered and brightened by fresh coats of paint in the black white and red tricolour of Syria\'s flag.'),(175,'Nearly five years into a devastating conflict that has shattered large parts of Syria into a patchwork of rebel strongholds,'),(176,'Ver·brauch, selten: Plural: Ver·bräu·che'),(177,'Der Verbrauch dieser Waren stieg im letzten Jahr beträchtlich an.'),(178,'Das Auto hat einen Verbrauch von 6 Litern.'),(179,'The decision has been deferred by the board until next week.'),(180,'Her singing reverberated through the house.'),(181,'On September 30, Russia started launching precision airstrikes against Daesh and Jabhat al-Nusra assets in Syria at the behest of President Bashar Assad '),(182,'Meine vordringlichste Aufgabe ist es jetzt, mich um die Kinder zu kümmern.'),(183,'Ein Bänderriss zwang ihn zur Aufgabe.'),(184,'Wohin gehst du?'),(185,'umgangssprachlich: Wo gehst du hin?'),(186,' Ich muss mal kurz wohin.'),(187,'United States and world powers gather again in an attempt to end Syria\'s civil war, Russia appears to be calling the shots'),(188,'Heute habe ich die Wahl: Spaghetti oder Pommes?'),(189,' Wir hielten heute in der Schule eine Wahl zum Amt des Klassensprechers ab.'),(190,'Der Bundesanwalt ist der Vertreter des Bundes vor Gericht.'),(191,'Ver·tre·ter, Plural: Ver·tre·ter'),(192,'Bishop Nicholas, locked up in prison together with other Christians for refusing to worship idols, sustained them and exhorted them to endure the fetters, punishment and torture'),(193,'accession to the throne.'),(194,'St Nicholas, fired with zeal for the Lord, assailed the heretic Arius with his words, and also struck him upon the face'),(195,'His disregard of the rules compels us to dismiss him.'),(196,' They did not suspect that soon they would also be compelled to seek the intercession of St Nicholas'),(197,'the action or crime of making a false spoken statement damaging to a person\'s reputation.'),(198,'he is suing the TV network for slander'),(199,'Wie sollen wir unser Fest gestalten?'),(200,'In gesundheitlichen Fragen kann man Beratung von Ärzten oder Apothekern erhalten.'),(201,'Sie folgen dem Rundgang, soweit sie können, und legen vor dem Weitermarsch eine kurze Pause ein.'),(202,'Sei vorsichtig, wenn du über die Straße gehst!'),(203,'I said I would abide by their decision'),(204,'Im Bereich der Gärten wird keinerlei Bautätigkeit geduldet.'),(205,'Tür bitte schließen!'),(206,'Hinter ihm schloss sich der Vorhang.'),(207,'Someone has been tampering with the lock.'),(208,'to tamper with official records.'),(209,'Benign skin growths include warts , moles, or corns, which are rarely serious problems'),(210,' In der Vergangenheit haben wir immer so gehandelt.'),(211,'Aber wer hinein sieht, blickt fast 1000 Jahre in die Vergangenheit.'),(212,' Es gibt die erste, zweite und dritte Vergangenheit. Man nennt sie auch Imperfekt, Perfekt und Plusquamperfekt.'),(213,'Robert Nandkisore, Pfarrer der St. Antonius-Gemeinde, meint gar, dass über jene fremd anmutende Musik die Welle im Indischen Ozean in die Rödelheimer Kirche \"hineingespült\" werde.“[2]'),(214,'„Der Pfarrer nickte ihm zu und ging zum Altar'),(215,'Sie handelte sehr besonnen.'),(216,' Er handelt seit Jahren mit Drogen.'),(217,'Ich habe mich heute in einen echt niedlichen Jungen verknallt.'),(218,' Ich weiß, dass ich nichts weiß.'),(219,' Ich weiß nicht, ob ich morgen Zeit habe.'),(220,'Weißt du, wie spät es ist?'),(221,'Meine Gefühle nach diesem Verlust kann ich im Moment gar nicht beschreiben.'),(222,'„Er wollte von mir außerdem wissen, was ich von den politischen Entwicklungen halte.'),(223,'Ich kenne die Gegend.'),(224,'Hast du schon wieder die ganze Nacht lang geweint?'),(225,'Das Baby weint'),(226,'he is leading a relief force to the aid of the beleaguered city'),(227,'The congregation replaced stationary pews with ‘Danish modern’ wooden chairs that could be positioned in any arrangement'),(228,'it flattered his vanity to think I was in love with him'),(229,'the vanity of human wishes'),(230,'Blinde haben oft sehr ausgeprägte andere Sinne wie ein feines Gehör.'),(231,'Blinde haben oft sehr ausgeprägte andere Sinne wie ein feines Gehör.  '),(232,'Ein dicker Karton diente als Unterlage zum Schreiben.'),(233,'Ein dicker Karton diente als Unterlage zum Schreiben.'),(234,'Der Beamte weigerte sich, meinen Akt ohne ausreichende Unterlagen zu bearbeiten.'),(235,' Beim Fußball gelten andere Regeln als beim Handball.'),(236,'Zöllner: „Ihr Reisepass ist abgelaufen. Er gilt nicht mehr.“'),(237,' Die Tastatur hat einen weichen Anschlag.'),(238,' Die Tastatur hat einen weichen Anschlag.'),(239,'Die Tennisspielerin spielt mit einem harten Anschlag.'),(240,'Die Sekretärin schafft 100 Anschläge pro Minute.'),(241,'They claimed the censorship of the article was an attack on free speech.‎'),(242,'the threat of nuclear strikes'),(243,'si verifica quando l\'attentatore, pur di compiere l\' azione, sacrifica la sua vita'),(244,'This site has all the info you could ever possibly want on these \" chemtrails .'),(245,'The queen was barren, leaving the kingdom with no heir.@fr'),(246,'barren landscape@fr'),(247,'The pine barrens are a site lonely enough to suit any hermit.@en'),(248,'I silently wept as my daughter\'s husband rejected her. What would she do now that she was no longer a maiden but also barren?@en'),(249,'Er hatte das Gewehr im Anschlag.@fr'),(250,'Auf dem Schwarzen Brett ist ein neuer Anschlag.@fr'),(251,'Die Tennisspielerin spielt mit einem harten Anschlag.@fr'),(252,'Gestern wurde ein Anschlag auf das Botschaftsgebäude verübt.@fr'),(253,'Er hatte das Gewehr im Anschlag.@fr'),(254,'Auf dem Schwarzen Brett ist ein neuer Anschlag.@fr'),(255,'Die Tennisspielerin spielt mit einem harten Anschlag.@fr'),(256,'Gestern wurde ein Anschlag auf das Botschaftsgebäude verübt.@fr'),(257,'Er hatte das Gewehr im Anschlag.@fr'),(258,'Auf dem Schwarzen Brett ist ein neuer Anschlag.@fr'),(259,'Die Tennisspielerin spielt mit einem harten Anschlag.@fr'),(260,'Gestern wurde ein Anschlag auf das Botschaftsgebäude verübt.@fr'),(261,'I\'d say the odds are strongly in favor of the sun rising tomorrow morning.@en'),(262,'The artist and the self-critic ... are, with a few felicitous exceptions, forever at odds\" (Joyce Carol Oates).'),(263,'Since expanding in June, the business has really thrived.@en'),(264,' Some plants thrive in sandy soil.'),(265,'Сретение Господне – двунадесятый праздник Православной Церкви, празднуется 15 февраля по новому стилю.'),(266,' Теперь мы не ищем работу, работа находит нас. '),(267,'no wrinkles marred her face'),(268,'Мы не соперники, а братья'),(269,'we must direct our efforts toward relieving the plight of children living in poverty'),(270,'Betrothal vows were often as binding as wedding vows, and ‘ plighting the troth’ was often an excuse to consummate the marriage ahead of the actual ceremony.'),(271,'he contends that the judge was wrong'),(272,'\"she had to contend with his uncertain temper\"'),(273,'Все утверждают, что он прав'),(274,'I must go down to the basement at once with my trusty two-by-four and administer a few more bracing wallops'),(275,'Blossom hill White Zinfandel 2000 Easy drinking and packing a huge fruity wallop , this delicious vintage reeks of luscious, ripe strawberries and cream with a refreshingly crisp finish'),(276,'Moscow’s economy has been walloped over the last several years, thanks to international sanctions '),(277,'\"vintage claret\"'),(278,'However, in less than good vintages , Sauvignon Blanc from this area can be mean and lean.'),(279,'the garrison made a foray against Richard\'s camp'),(280,'It’s no secret that Russia’s foray into Syria was motivated by Moscow’s concern '),(281,'he was a letter-of-the-law man, a common trait among coaches'),(282,'Eine Rückkehr von Hannah ist nicht zu erwarten, denn sie fühlt sich in ihrer neuen Heimat sehr gut.'),(283,'Nach zehn Jahren kehrte er in seine alte Heimat zurück.@fr'),(284,' Damit die Terrasse bei unserem Ferienhäuschen am Hang nicht abrutscht, muss sie ordentlich untermauert werden.'),(285,'The independent academy is regarded as a think tank for crucial political and social issues for the Chinese government'),(286,' Russland habe seine logistischen Prozeduren verbessert und im Norden Syriens eine eigene Flugverbotszone gegen den Westen errichtet, heißt es in einem Bericht des Thinktanks European Council on Foreign Relations.'),(287,'trade with other countries tends to fluctuate from year to year'),(288,'Current industry uses of the term fluctuate between two related concepts.'),(289,'a three-stringed precursor of the violin'),(290,'the icebox was a forerunner of today\'s refrigerator'),(291,'the urge for revenge'),(292,'he urged her to come and stay with us'),(293,' Sein Drang, sich in Szene zu setzen, kam immer wieder durch.'),(294,'A piggyback ride.@fr'),(295,'Until this time the railroads had favored piggyback services (...) (John H. Mahoney, Intermodal Freight Transportation, 1985)@fr'),(296,'Until this time the railroads had favored piggyback services (...) (John H. Mahoney, Intermodal Freight Transportation, 1985)@fr'),(297,'With a piggyback loan, you can get around having to pay private mortgage insurance. (Suze Orman, The Money Book for the Young, Fabulous & Broke, 2005)@fr'),(298,'With a piggyback loan, you can get around having to pay private mortgage insurance. (Suze Orman, The Money Book for the Young, Fabulous & Broke, 2005)@fr'),(299,'a piggyback ride@en'),(300,'The little girl rode piggyback on her father.'),(301,'As part of this movement, some researchers have looked into “games with a purpose”, in which game play is piggybacked to solve human information tasks such as tagging images [2], and using game interfaces and controllers in other contexts'),(302,'As one might expect from this most ludic author, one of the more undeservedly unknown masters of twentieth-century prose, these essays are hardly traditional academic exercises'),(303,'Des tropes étaient insérés dans les chants de l’ordinaire et du propre de la messe pour expliquer le sens de chaque jour de fête.@fr'),(304,'Un trope hardi.@fr'),(305,'he used the two-Americas trope to explain how a nation free and democratic at home could act wantonly abroad'),(306,'On the broadest scale, media scholars observe a “ludification of culture”'),(307,'an item of legislation, namely, the housing bill.'),(308,' The attack gave rise to endless arguments. Her ludicrous living gave rise to further speculation as to the source of her money.'),(309,'legislation was enacted in 1987 to attract international companies'),(310,'When the children performed, enacting the various plays on stage, their disability was hardly on their mind'),(311,'The candle flickered in the wind and went out.'),(312,'One solution is to treat game elements as a set of building blocks or features shared by games'),(313,'a police badge; a merit badge.'),(314,'He considered a slide rule as the badge of an engineering student.'),(315,'Firstly, there are no clear advantages in doing so. Secondly, the murkiness of the discourse on “serious games” can be directly linked to the fact'),(316,'whereas serious games proliferated into all kinds of contexts'),(317,'However, on closer scrutiny, classifying meta-games or other additions of game design to existing games as'),(318,'to acknowledge one\'s mistakes'),(319,'Classifying meta-games as “gamification” does not acknowledge this difference, but we readily admit that this constitutes a complex case that warrants further empirical research.'),(320,'The medication had a pervasive effect on the patient\'s health.@en'),(321,'The corruption is so pervasive that it is accepted as the way to do business.'),(322,' Ist das da nicht schon fast eine Belastung'),(323,'public law institutions are a type of mediate state administration'),(324,'Es dauerte lange, ihm den Sinn der Differentialrechnung zu vermitteln.'),(325,'Der Junge benötigt noch etwas Zeit, bis er die Rechenart wirklich begreift'),(326,'I will try to do a better job, henceforth, now that I know the proper technique!@en'),(327,'the company announced that it would henceforth charge royalties'),(328,'Under the 1909 copyright law and its progeny, a song\'s composers collect royalties for a ‘public performance’ like the radio broadcast of a CD'),(329,'We lingered awhile after the party.'),(330,'to linger over the beauty of a painting.'),(331,'Die Ukraine sei mehrfach ermutigt worden, in einen „konstruktiven Dialog“ über eine Schuldenumstrukturierung einzutreten – allerdings erfolglos.'),(332,'I don\'t want to go anywhere besides India.@en'),(333,'I have no other family besides my parents'),(334,'I\'m capable of doing the work, and a lot more besides'),(335,'the sap causes swelling that can impede breathing'),(336,'This way, we can state that these activities impede the user'),(337,' ha staccato una pagina dal quaderno - he tore a page out of the exercise book'),(338,'hai staccato l\'etichetta dal dischetto'),(339,' stacca la sedia dal muro -pull the chair away from the wall'),(340,'Mit welcher Beschäftigung verdient er seinen Lebensunterhalt?'),(341,'In der Freizeit fehlt ihm noch eine sinnvolle Beschäftigung.'),(342,'Dieser Arbeitsvertrag ist rechtswidrig, es müssen Anpassungen gemacht werden.'),(343,'Eine Million Menschen sind von internationalen Lebensmittelhilfen abhängig.'),(344,'the long-standing feud between two noble families'),(345,'His death was due to natural causes.'),(346,'My desire to act was due to Laurence Olivier\'s performance in \'Hamlet\'.'),(347,'Due to repairs, the garage will be closed next Saturday.'),(348,'Der Sonne wegen werden im Sommer Sonnenbrillen getragen.'),(349,'Erst werden die Menschen unters Joch gezwungen und dann als knechtisch verachtet, unterdrückt und dann von oben herab behandelt, verdummt und ihrer Dummheit wegen verhöhnt, versklavt und als Sklaven geschmäht'),(350,'A large crowd came to watch the boxers duke it out.'),(351,'The candidates duked it out on the proposal for hours.'),(352,'Ech weess dee ganzen Abschnitt auswenneg. : Je connais le passage entier par cœur.@fr'),(353,'Dieser Abschnitt darf nicht betreten werden. : On n’a pas le droit de pénétrer dans cet endroit.@fr'),(354,'Der Kleine ist inzwischen schon ganz schön selbstständig geworden.'),(355,'Sie hat sich vor einem Jahr als Rechtsanwältin selbstständig gemacht.'),(356,'Как самостоятельное подразделение института Вычислительный центр начал функционировать с 1960 года. '),(357,'Der Inhaber des Restaurants beschwerte sich bei der Polizei über vandalierende Jugendliche.'),(358,'Steht die Geschäftsführung allen oder mehreren Gesellschaftern zu, so ist jeder von ihnen allein zu handeln berechtigt, besitzt somit die Einzelgeschäftsführungsbefugnis'),(359,'Ein gesprächiger Gesellschafter war er nicht.'),(360,'Diventeremo il socio occulto del popolo. 	We will become the people\'s silent partner.'),(361,'the thought of going back into the fog was repugnant to him'),(362,'a bylaw must not be repugnant to the general law of the country'),(363,'A group of kids escorts his motorcade to the picturesque town square, where a crowd of about 100 has gathered'),(364,'Der Aufenthalt in den Bergen oder am Meer hat mir gefallen.'),(365,'Darin wurde mir mitgeteilt, dass ich mit 16 Jahren eine eigenständige Aufenthaltserlaubnis brauche.'),(366,'Der Präsident zeigte Verständnis dafür, dass Einwanderung in wirtschaftlich schwierigen Zeiten Ängste auslös'),(367,'Die Zahl der Beschäftigten: Die Zahl der Beschäftigten ist definiert als Gesamtanzahl der in der jeweiligen Einheit tätigen Personen    - Number of employed persons: the number of employed persons is defined as the total number of persons working in a survey '),(368,'Blütenblatt, Fruchtblatt, Kleeblatt, Laubblatt, Schattenblatt, Salatblatt, Sonnenblatt, Staubblatt, Teeblatt'),(369,'O Tannenbaum, o Tannenbaum, wie treu sind deine Blätter! - (Weihnachtslied)'),(370,'Es handelt sich um ein Erbwort aus mittelhochdeutschem tanboum → gmh, das seit der ausgehenden frühneuhochdeutschen Periode (17. Jahrhundert) die Form Tannebaum aufweist[1], die heutzutage veraltet[2] und durch die moderne Form'),(371,'Manch einer hielt es für pure Hysterie, als Öko-Mahner 1983 etwa in der Zeitschrift Bild der Wissenschaft vor den Folgen des Waldsterbens warnten, das damals gerade ins öffentliche Bewußtsein gedrungen war: ‚Den Tannenbaum wird es bei uns in zehn Jahren nicht mehr geben'),(372,' Dass Lebewesen ein Geschlecht haben, sorgt nach Ansicht mancher für eine schnellere Ausbreitung günstiger Gene in der Gesamtpopulation einer Art'),(373,'Auch einem Nicht-Deutschen ist es möglich, die deutsche Staatsbürgerschaft zu erhalten.'),(374,'] Dieser Zug fährt nach Norden und jener da hinten nach Süden.'),(375,'Im Herbst jenes bewussten Jahres kam es infolge der überraschenden Wahlergebnisse zu der folgenreichen politischen Neuorientierung des Landes.'),(376,' Ich gehöre der Fachschaft Phonetik an.'),(377,'Der Rahmen dieses Rennrads wiegt etwa zwei Kilogramm.'),(378,'Das Bild hatte einen Rahmen aus Holz.'),(379,'Im Rahmen des Projekts konnte auch dieses Problem behandelt werden.'),(380,'Ich erinnere mich noch genau daran, als du ...'),(381,'Erinnern Sie sich an mich?—Do you remember me?'),(382,'Daran hängen sich im Normalfall immer zwei Personen.'),(383,' Daran wird die Welt nicht zu Grunde gehen.'),(384,'Die Gans sprang aus der Schlüssel [...]@fr'),(385,'*J\'ai perdu ma clé il y a quelques jours.@fr'),(386,' Bei dem Feuer wurden Waren im Wert von mehreren Millionen Euro vernichtet.'),(387,' reflexiv: sich etwas borgen'),(388,'Die Universitätsbibliothek Bozen erinnert jene, die einen Schlüssel für ein Semesterschließfach ausgeliehen haben, daran, dass am Montag, 29.02.2016 die Ausleihfrist endet. '),(389,'In der Hauptpost leerte mein Vater das Schließfach 210'),(390,'    Leistet der Schuldner bei Fälligkeit einer Leistung nicht auf diese, kann er in Verzug geraten.');
/*!40000 ALTER TABLE `wordusage` ENABLE KEYS */;
UNLOCK TABLES;

--
-- Table structure for table `wordusage_type`
--

DROP TABLE IF EXISTS `wordusage_type`;
/*!40101 SET @saved_cs_client     = @@character_set_client */;
/*!40101 SET character_set_client = utf8 */;
CREATE TABLE `wordusage_type` (
  `id` bigint(20) NOT NULL AUTO_INCREMENT,
  `name` varchar(70) DEFAULT NULL,
  PRIMARY KEY (`id`)
) ENGINE=InnoDB AUTO_INCREMENT=2 DEFAULT CHARSET=utf8;
/*!40101 SET character_set_client = @saved_cs_client */;

--
-- Dumping data for table `wordusage_type`
--

LOCK TABLES `wordusage_type` WRITE;
/*!40000 ALTER TABLE `wordusage_type` DISABLE KEYS */;
INSERT INTO `wordusage_type` VALUES (1,'rule');
/*!40000 ALTER TABLE `wordusage_type` ENABLE KEYS */;
UNLOCK TABLES;

--
-- Table structure for table `wordusage_wordusagetype`
--

DROP TABLE IF EXISTS `wordusage_wordusagetype`;
/*!40101 SET @saved_cs_client     = @@character_set_client */;
/*!40101 SET character_set_client = utf8 */;
CREATE TABLE `wordusage_wordusagetype` (
  `wordusage_id` bigint(20) NOT NULL,
  `wordusagetype_id` bigint(20) NOT NULL,
  PRIMARY KEY (`wordusage_id`,`wordusagetype_id`),
  KEY `fk_wordusage_wordusagetype_wordusagetype` (`wordusagetype_id`),
  CONSTRAINT `fk_wordusage_wordusagetype_wordusage` FOREIGN KEY (`wordusage_id`) REFERENCES `wordusage` (`id`),
  CONSTRAINT `fk_wordusage_wordusagetype_wordusagetype` FOREIGN KEY (`wordusagetype_id`) REFERENCES `wordusage_type` (`id`)
) ENGINE=InnoDB DEFAULT CHARSET=utf8;
/*!40101 SET character_set_client = @saved_cs_client */;

--
-- Dumping data for table `wordusage_wordusagetype`
--

LOCK TABLES `wordusage_wordusagetype` WRITE;
/*!40000 ALTER TABLE `wordusage_wordusagetype` DISABLE KEYS */;
/*!40000 ALTER TABLE `wordusage_wordusagetype` ENABLE KEYS */;
UNLOCK TABLES;
/*!40103 SET TIME_ZONE=@OLD_TIME_ZONE */;

/*!40101 SET SQL_MODE=@OLD_SQL_MODE */;
/*!40014 SET FOREIGN_KEY_CHECKS=@OLD_FOREIGN_KEY_CHECKS */;
/*!40014 SET UNIQUE_CHECKS=@OLD_UNIQUE_CHECKS */;
/*!40101 SET CHARACTER_SET_CLIENT=@OLD_CHARACTER_SET_CLIENT */;
/*!40101 SET CHARACTER_SET_RESULTS=@OLD_CHARACTER_SET_RESULTS */;
/*!40101 SET COLLATION_CONNECTION=@OLD_COLLATION_CONNECTION */;
/*!40111 SET SQL_NOTES=@OLD_SQL_NOTES */;

-- Dump completed on 2016-02-22 17:44:17
